--
-- PostgreSQL database dump
--

-- Dumped from database version 13.3
-- Dumped by pg_dump version 13.3

SET statement_timeout = 0;
SET lock_timeout = 0;
SET idle_in_transaction_session_timeout = 0;
SET client_encoding = 'UTF8';
SET standard_conforming_strings = on;
SELECT pg_catalog.set_config('search_path', '', false);
SET check_function_bodies = false;
SET xmloption = content;
SET client_min_messages = warning;
SET row_security = off;

--
-- Data for Name: execution; Type: TABLE DATA; Schema: public; Owner: postgres
--

COPY public.execution (id, git_commit, git_commit_datetime, git_refs, app_version) FROM stdin;
19	a6ee2e16650f4802357bb829926a70f737bf7c82	2021-01-15 12:00:00	HEAD -> feature/testing	v0.0.3
5	aa34a23f769296e9eadd8a6d05725066f6cc5164	2021-01-01 12:00:00	HEAD -> master, tag: v0.0.1	v0.0.1
34	a0662553b240265bf9d521fd06469d39e0858868	2021-01-30 12:00:00	HEAD -> feature/one-more	v1.0.0
22	e0f4ade67040ef59b853f7d5b2172c649eb9002d	2021-01-18 12:00:00	HEAD -> feature/testing	v0.0.3
9	5a1a09cb61797ab018f2647e18351fbec5fe066a	2021-01-05 12:00:00	HEAD -> feature/new	v0.0.1
10	e5e1168fc8a03aab62c7daa636a7d75d4a050985	2021-01-06 12:00:00	HEAD -> feature/new	v0.0.1
13	192db9df36c9f1747ec409c756f4137c6f70785c	2021-01-09 12:00:00	HEAD -> feature/another	v0.0.2
15	9c3bddb9d57c6eaf6a28af174b999df54702c5cc	2021-01-11 12:00:00	HEAD -> feature/another	v0.0.2
29	e948fa2258338290e0283f027ff14a6e208b4a53	2021-01-25 12:00:00	HEAD -> feature/testing	v0.0.3
7	161676ea57728312303528a4468b0a83611a4351	2021-01-03 12:00:00	HEAD -> feature/new	v0.0.1
24	f1e713615901e3e88e1f79d1a28b6ac6c75f68e7	2021-01-20 12:00:00	HEAD -> feature/testing	v0.0.3
25	dc62f3d2a1b2bb46558a3717631e062ec11530c5	2021-01-21 12:00:00	HEAD -> feature/testing	v0.0.3
14	0f5f6401525aa153544f08bcc9da0daf6e1945d8	2021-01-10 12:00:00	HEAD -> feature/another	v0.0.2
8	cb94b227e95b574edb244b22c9d6e7add91dde8d	2021-01-04 12:00:00	HEAD -> feature/new	v0.0.1
21	bb8adc96ff62886b5cdbad64b240696979c81c72	2021-01-17 12:00:00	HEAD -> feature/testing	v0.0.3
16	24996dda7e16305e3d1e0f5beedd462c6712a6e5	2021-01-12 12:00:00	HEAD -> feature/another	v0.0.2
30	0e5c2745a85e510afd26c8217c8266b58cac9e07	2021-01-26 12:00:00	HEAD -> feature/testing	v0.0.3
33	1c54bb96c06f6365e84a3012cbb84d1fa27bc9dc	2021-01-29 12:00:00	HEAD -> feature/one-more	v1.0.0
20	f051f8c4d41e44563c55b160cab4194d1ed76dbd	2021-01-16 12:00:00	HEAD -> feature/testing	v0.0.3
32	c6bd64bc43954fcec4cc64c6af367b40d8b7e623	2021-01-28 12:00:00	HEAD -> feature/one-more	v1.0.0
6	d240853866f20fc3e536cb3bca86c86c54b723ce	2021-01-02 12:00:00	HEAD -> feature/new	v0.0.1
11	4eb6ab684277b50d5e7142287e24b53fb4145e7d	2021-01-07 12:00:00	HEAD -> master, tag: v0.0.2	v0.0.2
31	d6de9e6abe0e40275170b9e471bbc49f336ca3e4	2021-01-27 12:00:00	HEAD -> master, tag: v1.0.0	v1.0.0
12	b13d1d1af842072638bce12027873ed7a6dd4001	2021-01-08 12:00:00	HEAD -> feature/another	v0.0.2
18	c11a38a2597385e1918f467b24298d41180dd6d7	2021-01-14 12:00:00	HEAD -> master, tag: v0.0.3	v0.0.3
17	7f9ff6a8ae7210dd129175c90f128595372abbb5	2021-01-13 12:00:00	HEAD -> feature/another	v0.0.2
28	db8710c0bac52a9e86760423d88ffa81b7cf4e5a	2021-01-24 12:00:00	HEAD -> feature/testing	v0.0.3
23	be7422c3fc0e958ff2f349978c7004a8b6464425	2021-01-19 12:00:00	HEAD -> feature/testing	v0.0.3
26	0eeccff7c3a3ef22d9f216fc9af9d5cac556f1dc	2021-01-22 12:00:00	HEAD -> feature/testing	v0.0.3
27	063c61406128ccaf6e1d630cdf8ea1b98730542a	2021-01-23 12:00:00	HEAD -> feature/testing	v0.0.3
\.


--
-- Data for Name: report; Type: TABLE DATA; Schema: public; Owner: postgres
--

COPY public.report (id, name, capabilities, file, spec_id, start_time, duration, execution) FROM stdin;
58	GoodData website	chrome.93_0_4577_63.darwin	./test/specs/gooddata.e2e.js	0	2021-01-22 12:00:00	3.965	26
32	Google website	chrome.93_0_4577_63.darwin	./test/specs/google.e2e.js	0	2021-01-13 12:00:00	2.865	17
52	GoodData website	chrome.93_0_4577_63.darwin	./test/specs/gooddata.e2e.js	0	2021-01-20 12:00:00	3.304	24
46	Google website	chrome.93_0_4577_63.darwin	./test/specs/google.e2e.js	0	2021-01-18 12:00:00	2.865	22
33	New test suite	chrome.93_0_4577_63.darwin	./test/specs/newSuite.e2e.js	0	2021-01-13 12:00:00	0.004	17
26	New test suite	chrome.93_0_4577_63.darwin	./test/specs/newSuite.e2e.js	0	2021-01-11 12:00:00	0.004	15
43	GoodData website	chrome.93_0_4577_63.darwin	./test/specs/gooddata.e2e.js	0	2021-01-17 12:00:00	3.304	21
45	New test suite	chrome.93_0_4577_63.darwin	./test/specs/newSuite.e2e.js	0	2021-01-17 12:00:00	0.004	21
44	Google website	chrome.93_0_4577_63.darwin	./test/specs/google.e2e.js	0	2021-01-17 12:00:00	2.865	21
22	GoodData website	chrome.93_0_4577_63.darwin	./test/specs/gooddata.e2e.js	0	2021-01-10 12:00:00	3.304	14
48	New test suite	chrome.93_0_4577_63.darwin	./test/specs/newSuite.e2e.js	0	2021-01-18 12:00:00	0.004	22
49	GoodData website	chrome.93_0_4577_63.darwin	./test/specs/gooddata.e2e.js	0	2021-01-19 12:00:00	3.304	23
23	New test suite	chrome.93_0_4577_63.darwin	./test/specs/newSuite.e2e.js	0	2021-01-10 12:00:00	0.004	14
51	Google website	chrome.93_0_4577_63.darwin	./test/specs/google.e2e.js	0	2021-01-19 12:00:00	2.865	23
50	New test suite	chrome.93_0_4577_63.darwin	./test/specs/newSuite.e2e.js	0	2021-01-19 12:00:00	0.004	23
10	GoodData website	chrome.93_0_4577_63.darwin	./test/specs/gooddata.e2e.js	0	2021-01-04 12:00:00	14.405	8
18	GoodData website	chrome.93_0_4577_63.darwin	./test/specs/gooddata.e2e.js	0	2021-01-08 12:00:00	3.699	12
11	Google website	chrome.93_0_4577_63.darwin	./test/specs/google.e2e.js	0	2021-01-04 12:00:00	3.59	8
19	Google website	chrome.93_0_4577_63.darwin	./test/specs/google.e2e.js	0	2021-01-08 12:00:00	2.94	12
59	Google website	chrome.93_0_4577_63.darwin	./test/specs/google.e2e.js	0	2021-01-22 12:00:00	3.198	26
24	Google website	chrome.93_0_4577_63.darwin	./test/specs/google.e2e.js	0	2021-01-10 12:00:00	2.865	14
60	New test suite	chrome.93_0_4577_63.darwin	./test/specs/newSuite.e2e.js	0	2021-01-22 12:00:00	0.004	26
25	GoodData website	chrome.93_0_4577_63.darwin	./test/specs/gooddata.e2e.js	0	2021-01-11 12:00:00	3.304	15
27	Google website	chrome.93_0_4577_63.darwin	./test/specs/google.e2e.js	0	2021-01-11 12:00:00	2.865	15
47	GoodData website	chrome.93_0_4577_63.darwin	./test/specs/gooddata.e2e.js	0	2021-01-18 12:00:00	3.304	22
20	GoodData website	chrome.93_0_4577_63.darwin	./test/specs/gooddata.e2e.js	0	2021-01-09 12:00:00	3.985	13
21	Google website	chrome.93_0_4577_63.darwin	./test/specs/google.e2e.js	0	2021-01-09 12:00:00	3.162	13
75	Google website	chrome.93_0_4577_63.darwin	./test/specs/google.e2e.js	0	2021-01-27 12:00:00	3.475	31
82	GoodData website	chrome.93_0_4577_63.darwin	./test/specs/gooddata.e2e.js	0	2021-01-30 12:00:00	3.773	34
84	New test suite	chrome.93_0_4577_63.darwin	./test/specs/newSuite.e2e.js	0	2021-01-30 12:00:00	0.002	34
6	GoodData website	chrome.93_0_4577_63.darwin	./test/specs/gooddata.e2e.js	0	2021-01-02 12:00:00	14	6
83	Google website	chrome.93_0_4577_63.darwin	./test/specs/google.e2e.js	0	2021-01-30 12:00:00	3.052	34
7	Google website	chrome.93_0_4577_63.darwin	./test/specs/google.e2e.js	0	2021-01-02 12:00:00	3	6
69	Google website	chrome.93_0_4577_63.darwin	./test/specs/google.e2e.js	0	2021-01-25 12:00:00	2.988	29
16	GoodData website	chrome.93_0_4577_63.darwin	./test/specs/gooddata.e2e.js	0	2021-01-07 12:00:00	14.394	11
74	New test suite	chrome.93_0_4577_63.darwin	./test/specs/newSuite.e2e.js	0	2021-01-27 12:00:00	0.002	31
17	Google website	chrome.93_0_4577_63.darwin	./test/specs/google.e2e.js	0	2021-01-07 12:00:00	3.046	11
79	GoodData website	chrome.93_0_4577_63.darwin	./test/specs/gooddata.e2e.js	0	2021-01-29 12:00:00	3.773	33
4	GoodData website	chrome.93_0_4577_63.darwin	./test/specs/gooddata.e2e.js	0	2021-01-01 12:00:00	14.638	5
5	Google website	chrome.93_0_4577_63.darwin	./test/specs/google.e2e.js	0	2021-01-01 12:00:00	2.993	5
54	Google website	chrome.93_0_4577_63.darwin	./test/specs/google.e2e.js	0	2021-01-20 12:00:00	2.865	24
9	Google website	chrome.93_0_4577_63.darwin	./test/specs/google.e2e.js	0	2021-01-03 12:00:00	3.432	7
12	GoodData website	chrome.93_0_4577_63.darwin	./test/specs/gooddata.e2e.js	0	2021-01-05 12:00:00	2.926	9
76	Google website	chrome.93_0_4577_63.darwin	./test/specs/google.e2e.js	0	2021-01-28 12:00:00	3.052	32
13	Google website	chrome.93_0_4577_63.darwin	./test/specs/google.e2e.js	0	2021-01-05 12:00:00	3.496	9
72	Google website	chrome.93_0_4577_63.darwin	./test/specs/google.e2e.js	0	2021-01-26 12:00:00	3.475	30
65	Google website	chrome.93_0_4577_63.darwin	./test/specs/google.e2e.js	0	2021-01-24 12:00:00	2.988	28
64	GoodData website	chrome.93_0_4577_63.darwin	./test/specs/gooddata.e2e.js	0	2021-01-24 12:00:00	3.806	28
66	New test suite	chrome.93_0_4577_63.darwin	./test/specs/newSuite.e2e.js	0	2021-01-24 12:00:00	0.003	28
73	GoodData website	chrome.93_0_4577_63.darwin	./test/specs/gooddata.e2e.js	0	2021-01-27 12:00:00	14.606	31
31	GoodData website	chrome.93_0_4577_63.darwin	./test/specs/gooddata.e2e.js	0	2021-01-13 12:00:00	3.304	17
61	GoodData website	chrome.93_0_4577_63.darwin	./test/specs/gooddata.e2e.js	0	2021-01-23 12:00:00	3.965	27
63	Google website	chrome.93_0_4577_63.darwin	./test/specs/google.e2e.js	0	2021-01-23 12:00:00	3.198	27
62	New test suite	chrome.93_0_4577_63.darwin	./test/specs/newSuite.e2e.js	0	2021-01-23 12:00:00	0.004	27
28	GoodData website	chrome.93_0_4577_63.darwin	./test/specs/gooddata.e2e.js	0	2021-01-12 12:00:00	3.304	16
30	New test suite	chrome.93_0_4577_63.darwin	./test/specs/newSuite.e2e.js	0	2021-01-12 12:00:00	0.004	16
29	Google website	chrome.93_0_4577_63.darwin	./test/specs/google.e2e.js	0	2021-01-12 12:00:00	2.865	16
8	GoodData website	chrome.93_0_4577_63.darwin	./test/specs/gooddata.e2e.js	0	2021-01-03 12:00:00	2.999	7
37	Google website	chrome.93_0_4577_63.darwin	./test/specs/google.e2e.js	0	2021-01-15 12:00:00	2.865	19
39	GoodData website	chrome.93_0_4577_63.darwin	./test/specs/gooddata.e2e.js	0	2021-01-15 12:00:00	3.304	19
38	New test suite	chrome.93_0_4577_63.darwin	./test/specs/newSuite.e2e.js	0	2021-01-15 12:00:00	0.004	19
81	Google website	chrome.93_0_4577_63.darwin	./test/specs/google.e2e.js	0	2021-01-29 12:00:00	3.052	33
80	New test suite	chrome.93_0_4577_63.darwin	./test/specs/newSuite.e2e.js	0	2021-01-29 12:00:00	0.002	33
15	Google website	chrome.93_0_4577_63.darwin	./test/specs/google.e2e.js	0	2021-01-06 12:00:00	2.845	10
67	GoodData website	chrome.93_0_4577_63.darwin	./test/specs/gooddata.e2e.js	0	2021-01-25 12:00:00	3.806	29
41	New test suite	chrome.93_0_4577_63.darwin	./test/specs/newSuite.e2e.js	0	2021-01-16 12:00:00	0.004	20
40	GoodData website	chrome.93_0_4577_63.darwin	./test/specs/gooddata.e2e.js	0	2021-01-16 12:00:00	3.304	20
71	New test suite	chrome.93_0_4577_63.darwin	./test/specs/newSuite.e2e.js	0	2021-01-26 12:00:00	0.002	30
70	GoodData website	chrome.93_0_4577_63.darwin	./test/specs/gooddata.e2e.js	0	2021-01-26 12:00:00	14.606	30
77	New test suite	chrome.93_0_4577_63.darwin	./test/specs/newSuite.e2e.js	0	2021-01-28 12:00:00	0.002	32
42	Google website	chrome.93_0_4577_63.darwin	./test/specs/google.e2e.js	0	2021-01-16 12:00:00	2.865	20
14	GoodData website	chrome.93_0_4577_63.darwin	./test/specs/gooddata.e2e.js	0	2021-01-06 12:00:00	3.41	10
55	GoodData website	chrome.93_0_4577_63.darwin	./test/specs/gooddata.e2e.js	0	2021-01-21 12:00:00	3.965	25
57	New test suite	chrome.93_0_4577_63.darwin	./test/specs/newSuite.e2e.js	0	2021-01-21 12:00:00	0.004	25
56	Google website	chrome.93_0_4577_63.darwin	./test/specs/google.e2e.js	0	2021-01-21 12:00:00	3.198	25
78	GoodData website	chrome.93_0_4577_63.darwin	./test/specs/gooddata.e2e.js	0	2021-01-28 12:00:00	3.773	32
35	Google website	chrome.93_0_4577_63.darwin	./test/specs/google.e2e.js	0	2021-01-14 12:00:00	2.865	18
34	GoodData website	chrome.93_0_4577_63.darwin	./test/specs/gooddata.e2e.js	0	2021-01-14 12:00:00	3.304	18
36	New test suite	chrome.93_0_4577_63.darwin	./test/specs/newSuite.e2e.js	0	2021-01-14 12:00:00	0.004	18
53	New test suite	chrome.93_0_4577_63.darwin	./test/specs/newSuite.e2e.js	0	2021-01-20 12:00:00	0.004	24
68	New test suite	chrome.93_0_4577_63.darwin	./test/specs/newSuite.e2e.js	0	2021-01-25 12:00:00	0.003	29
\.


--
-- Data for Name: test_case_run; Type: TABLE DATA; Schema: public; Owner: postgres
--

COPY public.test_case_run (id, class_name, name, duration, system_out, system_err, status, message, report) FROM stdin;
5	chrome.93_0_4577_63.darwin.GoodData website	should have a correct title	1.344	COMMAND: navigateTo - {"url":"https://gooddata.com/"}\nRESULT: undefined\nCOMMAND: findElement - {"using":"css selector","value":"title"}\nRESULT: undefined\nCOMMAND: getElementText - {"elementId":"ELEMENT-1"}\nRESULT: undefined		passed	\N	4
6	chrome.93_0_4577_63.darwin.GoodData website	should include Get a demo button	1.351	COMMAND: navigateTo - {"url":"https://gooddata.com/"}\nRESULT: undefined\nCOMMAND: findElement - {"using":"css selector","value":"#main-menu-request-a-demo"}\nRESULT: undefined\nCOMMAND: getElementText - {"elementId":"ELEMENT-2"}\nRESULT: undefined		passed	\N	4
7	chrome.93_0_4577_63.darwin.GoodData website	should include a webinar banner	11.942	COMMAND: navigateTo - {"url":"https://gooddata.com/"}\nRESULT: undefined\nCOMMAND: findElement - {"using":"css selector","value":".c-banner-promo__x"}\nRESULT: undefined\nCOMMAND: elementClick - {"elementId":"ELEMENT-3"}\nRESULT: undefined\nCOMMAND: findElement - {"using":"css selector","value":".c-banner-promo"}\nRESULT: undefined\nCOMMAND: findElements - {"using":"css selector","value":".c-banner-promo"}\nRESULT: undefined\nCOMMAND: findElements - {"using":"css selector","value":".c-banner-promo"}\nRESULT: undefined\nCOMMAND: findElements - {"using":"css selector","value":".c-banner-promo"}\nRESULT: undefined\nCOMMAND: findElements - {"using":"css selector","value":".c-banner-promo"}\nRESULT: undefined\nCOMMAND: findElements - {"using":"css selector","value":".c-banner-promo"}\nRESULT: undefined\nCOMMAND: findElements - {"using":"css selector","value":".c-banner-promo"}\nRESULT: undefined\nCOMMAND: findElements - {"using":"css selector","value":".c-banner-promo"}\nRESULT: undefined\nCOMMAND: findElements - {"using":"css selector","value":".c-banner-promo"}\nRESULT: undefined\nCOMMAND: findElements - {"using":"css selector","value":".c-banner-promo"}\nRESULT: undefined\nCOMMAND: findElements - {"using":"css selector","value":".c-banner-promo"}\nRESULT: undefined\nCOMMAND: findElements - {"using":"css selector","value":".c-banner-promo"}\nRESULT: undefined\nCOMMAND: findElements - {"using":"css selector","value":".c-banner-promo"}\nRESULT: undefined\nCOMMAND: findElements - {"using":"css selector","value":".c-banner-promo"}\nRESULT: undefined\nCOMMAND: findElements - {"using":"css selector","value":".c-banner-promo"}\nRESULT: undefined\nCOMMAND: findElements - {"using":"css selector","value":".c-banner-promo"}\nRESULT: undefined\nCOMMAND: findElements - {"using":"css selector","value":".c-banner-promo"}\nRESULT: undefined\nCOMMAND: findElements - {"using":"css selector","value":".c-banner-promo"}\nRESULT: undefined\nCOMMAND: findElements - {"using":"css selector","value":".c-banner-promo"}\nRESULT: undefined\nCOMMAND: findElements - {"using":"css selector","value":".c-banner-promo"}\nRESULT: undefined\nCOMMAND: findElements - {"using":"css selector","value":".c-banner-promo"}\nRESULT: undefined\nCOMMAND: deleteSession - {}\nRESULT: undefined	Error: Expect $(`.c-banner-promo`) to exist Expected: [32m"exist"[39m\nReceived: [31m"[7mnot [27mexist"[39m at Context.<anonymous> (/Users/andy/code/qa/packages/test-cases/test/specs/gooddata.e2e.js:20:44) at async Context.executeAsync (/Users/andy/code/qa/node_modules/@wdio/utils/build/shim.js:285:16) at async Context.testFrameworkFnWrapper (/Users/andy/code/qa/node_modules/@wdio/utils/build/test-framework/testFnWrapper.js:52:18)	failed	\nExpect $(`.c-banner-promo`) to exist\n\nExpected: "exist"\nReceived: "not exist"	4
8	chrome.93_0_4577_63.darwin.Google website	should have a correct title	0.388	COMMAND: navigateTo - {"url":"https://www.google.com/"}\nRESULT: undefined\nCOMMAND: findElement - {"using":"css selector","value":"#L2AGLb"}\nRESULT: undefined\nCOMMAND: executeScript - {"script":"return (function isElementDisplayed(element) {\\n function nodeIsElement(node) {\\n if (!node) {\\n return false;\\n }\\n switch (node.nodeType) {\\n case Node.ELEMEN ... (7762 more bytes)","args":[{"element-6066-11e4-a52e-4f735466cecf":"ELEMENT-1","ELEMENT":"ELEMENT-1"}]}\nRESULT: undefined\nCOMMAND: executeScript - {"script":"return (function isElementClickable(elem) {\\n if (!elem.getBoundingClientRect || !elem.scrollIntoView || !elem.contains || !elem.getClientRects || !document.elementFromPoint) {\\n return false; ... (5149 more bytes)","args":[{"element-6066-11e4-a52e-4f735466cecf":"ELEMENT-1","ELEMENT":"ELEMENT-1"}]}\nRESULT: undefined\nCOMMAND: findElement - {"using":"css selector","value":"#L2AGLb"}\nRESULT: undefined\nCOMMAND: elementClick - {"elementId":"ELEMENT-2"}\nRESULT: undefined		passed	\N	5
9	chrome.93_0_4577_63.darwin.Google website	should have search field	0.237	COMMAND: findElement - {"using":"css selector","value":"title"}\nRESULT: undefined\nCOMMAND: navigateTo - {"url":"https://www.google.com/"}\nCOMMAND: getElementText - {"elementId":"ELEMENT-3"}\nRESULT: undefined\nCOMMAND: getElementText - {"elementId":"ELEMENT-3"}\nCOMMAND: findElement - {"using":"css selector","value":"#L2AGLb"}\nCOMMAND: findElement - {"using":"css selector","value":"title"}\nRESULT: undefined\nRESULT: undefined\nCOMMAND: findElement - {"using":"css selector","value":"#L2AGLb"}\nCOMMAND: getElementText - {"elementId":"ELEMENT-3"}\nRESULT: undefined		passed	\N	5
10	chrome.93_0_4577_63.darwin.Google website	should find GoodData website	2.367	COMMAND: findElement - {"using":"css selector","value":"title"}\nCOMMAND: findElement - {"using":"css selector","value":"form[role=search] input"}\nCOMMAND: navigateTo - {"url":"https://www.google.com/"}\nRESULT: undefined\nRESULT: undefined\nRESULT: undefined\nCOMMAND: findElement - {"using":"css selector","value":"#L2AGLb"}\nRESULT: undefined\nCOMMAND: findElement - {"using":"css selector","value":"#L2AGLb"}\nRESULT: undefined\nCOMMAND: findElement - {"using":"css selector","value":"form[role=search] input"}\nRESULT: undefined\nCOMMAND: getElementText - {"elementId":"ELEMENT-5"}\nCOMMAND: findElements - {"using":"css selector","value":"form[role=search] input"}\nCOMMAND: elementClear - {"elementId":"ELEMENT-7"}\nCOMMAND: findElement - {"using":"css selector","value":"title"}\nRESULT: undefined\nRESULT: undefined\nCOMMAND: getElementText - {"elementId":"ELEMENT-5"}\nRESULT: undefined\nCOMMAND: elementSendKeys - {"elementId":"ELEMENT-7","text":"GoodData"}\nRESULT: undefined\nCOMMAND: performActions - {"actions":[{"type":"key","id":"keyboard","actions":[{"type":"keyDown","value":"Enter"},{"type":"keyUp","value":"Enter"}]}]}\nRESULT: undefined\nCOMMAND: getElementText - {"elementId":"ELEMENT-16"}\nCOMMAND: getElementText - {"elementId":"ELEMENT-16"}\nCOMMAND: findElement - {"using":"css selector","value":"title"}\nRESULT: undefined\nCOMMAND: getElementText - {"elementId":"ELEMENT-16"}\nCOMMAND: findElement - {"using":"css selector","value":"title"}\nRESULT: undefined\nCOMMAND: getElementText - {"elementId":"ELEMENT-18"}\nRESULT: undefined\nCOMMAND: releaseActions - {}\nRESULT: undefined\nCOMMAND: findElement - {"using":"css selector","value":"#rso"}\nRESULT: undefined\nCOMMAND: deleteSession - {}\nRESULT: undefined		passed	\N	5
11	chrome.93_0_4577_63.darwin.GoodData website	should have a correct title	1	COMMAND: navigateTo - {"url":"https://gooddata.com/"}\nRESULT: undefined\nCOMMAND: findElement - {"using":"css selector","value":"title"}\nRESULT: undefined\nCOMMAND: getElementText - {"elementId":"ELEMENT-1"}\nRESULT: undefined		passed	\N	6
12	chrome.93_0_4577_63.darwin.GoodData website	should include Get a demo button	1	COMMAND: navigateTo - {"url":"https://gooddata.com/"}\nRESULT: undefined\nCOMMAND: findElement - {"using":"css selector","value":"#main-menu-request-a-demo"}\nRESULT: undefined\nCOMMAND: getElementText - {"elementId":"ELEMENT-2"}\nRESULT: undefined		passed	\N	6
13	chrome.93_0_4577_63.darwin.GoodData website	should include a webinar banner	12	COMMAND: navigateTo - {"url":"https://gooddata.com/"}\nRESULT: undefined\nCOMMAND: findElement - {"using":"css selector","value":".c-banner-promo__x"}\nRESULT: undefined\nCOMMAND: elementClick - {"elementId":"ELEMENT-3"}\nRESULT: undefined\nCOMMAND: findElement - {"using":"css selector","value":".c-banner-promo"}\nRESULT: undefined\nCOMMAND: findElements - {"using":"css selector","value":".c-banner-promo"}\nRESULT: undefined\nCOMMAND: findElements - {"using":"css selector","value":".c-banner-promo"}\nRESULT: undefined\nCOMMAND: findElements - {"using":"css selector","value":".c-banner-promo"}\nRESULT: undefined\nCOMMAND: findElements - {"using":"css selector","value":".c-banner-promo"}\nRESULT: undefined\nCOMMAND: findElements - {"using":"css selector","value":".c-banner-promo"}\nRESULT: undefined\nCOMMAND: findElements - {"using":"css selector","value":".c-banner-promo"}\nRESULT: undefined\nCOMMAND: findElements - {"using":"css selector","value":".c-banner-promo"}\nRESULT: undefined\nCOMMAND: findElements - {"using":"css selector","value":".c-banner-promo"}\nRESULT: undefined\nCOMMAND: findElements - {"using":"css selector","value":".c-banner-promo"}\nRESULT: undefined\nCOMMAND: findElements - {"using":"css selector","value":".c-banner-promo"}\nRESULT: undefined\nCOMMAND: findElements - {"using":"css selector","value":".c-banner-promo"}\nRESULT: undefined\nCOMMAND: findElements - {"using":"css selector","value":".c-banner-promo"}\nRESULT: undefined\nCOMMAND: findElements - {"using":"css selector","value":".c-banner-promo"}\nRESULT: undefined\nCOMMAND: findElements - {"using":"css selector","value":".c-banner-promo"}\nRESULT: undefined\nCOMMAND: findElements - {"using":"css selector","value":".c-banner-promo"}\nRESULT: undefined\nCOMMAND: findElements - {"using":"css selector","value":".c-banner-promo"}\nRESULT: undefined\nCOMMAND: findElements - {"using":"css selector","value":".c-banner-promo"}\nRESULT: undefined\nCOMMAND: findElements - {"using":"css selector","value":".c-banner-promo"}\nRESULT: undefined\nCOMMAND: findElements - {"using":"css selector","value":".c-banner-promo"}\nRESULT: undefined\nCOMMAND: findElements - {"using":"css selector","value":".c-banner-promo"}\nRESULT: undefined\nCOMMAND: deleteSession - {}\nRESULT: undefined	Error: Expect $(`.c-banner-promo`) to exist Expected: [32m"exist"[39m\nReceived: [31m"[7mnot [27mexist"[39m at Context.<anonymous> (/Users/andy/code/qa/packages/test-cases/test/specs/gooddata.e2e.js:20:44) at async Context.executeAsync (/Users/andy/code/qa/node_modules/@wdio/utils/build/shim.js:285:16) at async Context.testFrameworkFnWrapper (/Users/andy/code/qa/node_modules/@wdio/utils/build/test-framework/testFnWrapper.js:52:18)	failed	\nExpect $(`.c-banner-promo`) to exist\n\nExpected: "exist"\nReceived: "not exist"	6
14	chrome.93_0_4577_63.darwin.Google website	should have a correct title	0.3	COMMAND: navigateTo - {"url":"https://www.google.com/"}\nRESULT: undefined\nCOMMAND: findElement - {"using":"css selector","value":"#L2AGLb"}\nRESULT: undefined\nCOMMAND: executeScript - {"script":"return (function isElementDisplayed(element) {\\n function nodeIsElement(node) {\\n if (!node) {\\n return false;\\n }\\n switch (node.nodeType) {\\n case Node.ELEMEN ... (7762 more bytes)","args":[{"element-6066-11e4-a52e-4f735466cecf":"ELEMENT-1","ELEMENT":"ELEMENT-1"}]}\nRESULT: undefined\nCOMMAND: executeScript - {"script":"return (function isElementClickable(elem) {\\n if (!elem.getBoundingClientRect || !elem.scrollIntoView || !elem.contains || !elem.getClientRects || !document.elementFromPoint) {\\n return false; ... (5149 more bytes)","args":[{"element-6066-11e4-a52e-4f735466cecf":"ELEMENT-1","ELEMENT":"ELEMENT-1"}]}\nRESULT: undefined\nCOMMAND: findElement - {"using":"css selector","value":"#L2AGLb"}\nRESULT: undefined\nCOMMAND: elementClick - {"elementId":"ELEMENT-2"}\nRESULT: undefined		passed	\N	7
15	chrome.93_0_4577_63.darwin.Google website	should have search field	0.2	COMMAND: findElement - {"using":"css selector","value":"title"}\nRESULT: undefined\nCOMMAND: navigateTo - {"url":"https://www.google.com/"}\nCOMMAND: getElementText - {"elementId":"ELEMENT-3"}\nRESULT: undefined\nCOMMAND: getElementText - {"elementId":"ELEMENT-3"}\nCOMMAND: findElement - {"using":"css selector","value":"#L2AGLb"}\nCOMMAND: findElement - {"using":"css selector","value":"title"}\nRESULT: undefined\nRESULT: undefined\nCOMMAND: findElement - {"using":"css selector","value":"#L2AGLb"}\nCOMMAND: getElementText - {"elementId":"ELEMENT-3"}\nRESULT: undefined		passed	\N	7
16	chrome.93_0_4577_63.darwin.Google website	should find GoodData website	2.5	COMMAND: findElement - {"using":"css selector","value":"title"}\nCOMMAND: findElement - {"using":"css selector","value":"form[role=search] input"}\nCOMMAND: navigateTo - {"url":"https://www.google.com/"}\nRESULT: undefined\nRESULT: undefined\nRESULT: undefined\nCOMMAND: findElement - {"using":"css selector","value":"#L2AGLb"}\nRESULT: undefined\nCOMMAND: findElement - {"using":"css selector","value":"#L2AGLb"}\nRESULT: undefined\nCOMMAND: findElement - {"using":"css selector","value":"form[role=search] input"}\nRESULT: undefined\nCOMMAND: getElementText - {"elementId":"ELEMENT-5"}\nCOMMAND: findElements - {"using":"css selector","value":"form[role=search] input"}\nCOMMAND: elementClear - {"elementId":"ELEMENT-7"}\nCOMMAND: findElement - {"using":"css selector","value":"title"}\nRESULT: undefined\nRESULT: undefined\nCOMMAND: getElementText - {"elementId":"ELEMENT-5"}\nRESULT: undefined\nCOMMAND: elementSendKeys - {"elementId":"ELEMENT-7","text":"GoodData"}\nRESULT: undefined\nCOMMAND: performActions - {"actions":[{"type":"key","id":"keyboard","actions":[{"type":"keyDown","value":"Enter"},{"type":"keyUp","value":"Enter"}]}]}\nRESULT: undefined\nCOMMAND: getElementText - {"elementId":"ELEMENT-16"}\nCOMMAND: getElementText - {"elementId":"ELEMENT-16"}\nCOMMAND: findElement - {"using":"css selector","value":"title"}\nRESULT: undefined\nCOMMAND: getElementText - {"elementId":"ELEMENT-16"}\nCOMMAND: findElement - {"using":"css selector","value":"title"}\nRESULT: undefined\nCOMMAND: getElementText - {"elementId":"ELEMENT-18"}\nRESULT: undefined\nCOMMAND: releaseActions - {}\nRESULT: undefined\nCOMMAND: findElement - {"using":"css selector","value":"#rso"}\nRESULT: undefined\nCOMMAND: deleteSession - {}\nRESULT: undefined		passed	\N	7
17	chrome.93_0_4577_63.darwin.GoodData website	should have a correct title	1.303	COMMAND: navigateTo - {"url":"https://gooddata.com/"}\nRESULT: undefined\nCOMMAND: findElement - {"using":"css selector","value":"title"}\nRESULT: undefined\nCOMMAND: getElementText - {"elementId":"ELEMENT-1"}\nRESULT: undefined		passed	\N	8
18	chrome.93_0_4577_63.darwin.GoodData website	should include Get a demo button	0.832	COMMAND: navigateTo - {"url":"https://gooddata.com/"}\nRESULT: undefined\nCOMMAND: findElement - {"using":"css selector","value":"#main-menu-request-a-demo"}\nRESULT: undefined\nCOMMAND: getElementText - {"elementId":"ELEMENT-2"}\nRESULT: undefined		passed	\N	8
19	chrome.93_0_4577_63.darwin.GoodData website	should include a webinar banner	0.861	COMMAND: navigateTo - {"url":"https://gooddata.com/"}\nRESULT: undefined\nCOMMAND: findElement - {"using":"css selector","value":".c-banner-promo"}\nRESULT: undefined\nCOMMAND: findElements - {"using":"css selector","value":".c-banner-promo"}\nRESULT: undefined\nCOMMAND: deleteSession - {}\nRESULT: undefined		passed	\N	8
20	chrome.93_0_4577_63.darwin.Google website	should have a correct title	0.525	COMMAND: navigateTo - {"url":"https://www.google.com/"}\nRESULT: undefined\nCOMMAND: findElement - {"using":"css selector","value":"#L2AGLb"}\nRESULT: undefined\nCOMMAND: executeScript - {"script":"return (function isElementDisplayed(element) {\\n function nodeIsElement(node) {\\n if (!node) {\\n return false;\\n }\\n switch (node.nodeType) {\\n case Node.ELEMEN ... (7762 more bytes)","args":[{"element-6066-11e4-a52e-4f735466cecf":"ELEMENT-1","ELEMENT":"ELEMENT-1"}]}\nRESULT: undefined\nCOMMAND: executeScript - {"script":"return (function isElementClickable(elem) {\\n if (!elem.getBoundingClientRect || !elem.scrollIntoView || !elem.contains || !elem.getClientRects || !document.elementFromPoint) {\\n return false; ... (5149 more bytes)","args":[{"element-6066-11e4-a52e-4f735466cecf":"ELEMENT-1","ELEMENT":"ELEMENT-1"}]}\nRESULT: undefined\nCOMMAND: findElement - {"using":"css selector","value":"#L2AGLb"}\nRESULT: undefined\nCOMMAND: elementClick - {"elementId":"ELEMENT-2"}\nRESULT: undefined		passed	\N	9
31	chrome.93_0_4577_63.darwin.GoodData website	should include a webinar banner	0.762	COMMAND: navigateTo - {"url":"https://gooddata.com/"}\nRESULT: undefined\nCOMMAND: findElement - {"using":"css selector","value":".c-banner-promo"}\nRESULT: undefined\nCOMMAND: findElements - {"using":"css selector","value":".c-banner-promo"}\nRESULT: undefined\nCOMMAND: deleteSession - {}\nRESULT: undefined		passed	\N	12
21	chrome.93_0_4577_63.darwin.Google website	should have search field	0.245	COMMAND: findElement - {"using":"css selector","value":"title"}\nRESULT: undefined\nCOMMAND: navigateTo - {"url":"https://www.google.com/"}\nRESULT: undefined\nCOMMAND: findElement - {"using":"css selector","value":"#L2AGLb"}\nCOMMAND: getElementText - {"elementId":"ELEMENT-3"}\nRESULT: undefined\nCOMMAND: findElement - {"using":"css selector","value":"title"}\nCOMMAND: findElement - {"using":"css selector","value":"#L2AGLb"}\nRESULT: undefined\nRESULT: undefined		passed	\N	9
22	chrome.93_0_4577_63.darwin.Google website	should find GoodData website	2.661	COMMAND: getElementText - {"elementId":"ELEMENT-3"}\nCOMMAND: findElement - {"using":"css selector","value":"form[role=search] input"}\nRESULT: undefined\nCOMMAND: navigateTo - {"url":"https://www.google.com/"}\nCOMMAND: findElement - {"using":"css selector","value":"title"}\nRESULT: undefined\nCOMMAND: findElements - {"using":"css selector","value":"form[role=search] input"}\nRESULT: undefined\nCOMMAND: findElements - {"using":"css selector","value":"form[role=search] input"}\nCOMMAND: findElement - {"using":"css selector","value":"#L2AGLb"}\nRESULT: undefined\nRESULT: undefined\nCOMMAND: findElement - {"using":"css selector","value":"#L2AGLb"}\nRESULT: undefined\nCOMMAND: findElement - {"using":"css selector","value":"form[role=search] input"}\nRESULT: undefined\nCOMMAND: elementClear - {"elementId":"ELEMENT-15"}\nRESULT: undefined\nCOMMAND: elementSendKeys - {"elementId":"ELEMENT-15","text":"GoodData"}\nCOMMAND: getElementText - {"elementId":"ELEMENT-6"}\nCOMMAND: findElement - {"using":"css selector","value":"title"}\nRESULT: undefined\nCOMMAND: getElementText - {"elementId":"ELEMENT-6"}\nRESULT: undefined\nCOMMAND: performActions - {"actions":[{"type":"key","id":"keyboard","actions":[{"type":"keyDown","value":"Enter"},{"type":"keyUp","value":"Enter"}]}]}\nRESULT: undefined\nCOMMAND: releaseActions - {}\nRESULT: undefined\nCOMMAND: getElementText - {"elementId":"ELEMENT-16"}\nCOMMAND: findElement - {"using":"css selector","value":"#rso"}\nCOMMAND: findElement - {"using":"css selector","value":"title"}\nCOMMAND: deleteSession - {}\nRESULT: undefined\nRESULT: undefined		passed	\N	9
23	chrome.93_0_4577_63.darwin.GoodData website	should have a correct title	1.732	COMMAND: navigateTo - {"url":"https://gooddata.com/"}\nRESULT: undefined\nCOMMAND: findElement - {"using":"css selector","value":"title"}\nRESULT: undefined\nCOMMAND: getElementText - {"elementId":"ELEMENT-1"}\nRESULT: undefined		passed	\N	10
24	chrome.93_0_4577_63.darwin.GoodData website	should include Get a demo button	0.81	COMMAND: navigateTo - {"url":"https://gooddata.com/"}\nRESULT: undefined\nCOMMAND: findElement - {"using":"css selector","value":"#main-menu-request-a-demo"}\nRESULT: undefined\nCOMMAND: getElementText - {"elementId":"ELEMENT-2"}\nRESULT: undefined		passed	\N	10
25	chrome.93_0_4577_63.darwin.GoodData website	should include a webinar banner	11.862	COMMAND: navigateTo - {"url":"https://gooddata.com/"}\nRESULT: undefined\nCOMMAND: findElement - {"using":"css selector","value":".c-banner-promo__x"}\nRESULT: undefined\nCOMMAND: elementClick - {"elementId":"ELEMENT-3"}\nRESULT: undefined\nCOMMAND: findElement - {"using":"css selector","value":".c-banner-promo"}\nRESULT: undefined\nCOMMAND: findElements - {"using":"css selector","value":".c-banner-promo"}\nRESULT: undefined\nCOMMAND: findElements - {"using":"css selector","value":".c-banner-promo"}\nRESULT: undefined\nCOMMAND: findElements - {"using":"css selector","value":".c-banner-promo"}\nRESULT: undefined\nCOMMAND: findElements - {"using":"css selector","value":".c-banner-promo"}\nRESULT: undefined\nCOMMAND: findElements - {"using":"css selector","value":".c-banner-promo"}\nRESULT: undefined\nCOMMAND: findElements - {"using":"css selector","value":".c-banner-promo"}\nRESULT: undefined\nCOMMAND: findElements - {"using":"css selector","value":".c-banner-promo"}\nRESULT: undefined\nCOMMAND: findElements - {"using":"css selector","value":".c-banner-promo"}\nRESULT: undefined\nCOMMAND: findElements - {"using":"css selector","value":".c-banner-promo"}\nRESULT: undefined\nCOMMAND: findElements - {"using":"css selector","value":".c-banner-promo"}\nRESULT: undefined\nCOMMAND: findElements - {"using":"css selector","value":".c-banner-promo"}\nRESULT: undefined\nCOMMAND: findElements - {"using":"css selector","value":".c-banner-promo"}\nRESULT: undefined\nCOMMAND: findElements - {"using":"css selector","value":".c-banner-promo"}\nRESULT: undefined\nCOMMAND: findElements - {"using":"css selector","value":".c-banner-promo"}\nRESULT: undefined\nCOMMAND: findElements - {"using":"css selector","value":".c-banner-promo"}\nRESULT: undefined\nCOMMAND: findElements - {"using":"css selector","value":".c-banner-promo"}\nRESULT: undefined\nCOMMAND: findElements - {"using":"css selector","value":".c-banner-promo"}\nRESULT: undefined\nCOMMAND: findElements - {"using":"css selector","value":".c-banner-promo"}\nRESULT: undefined\nCOMMAND: findElements - {"using":"css selector","value":".c-banner-promo"}\nRESULT: undefined\nCOMMAND: findElements - {"using":"css selector","value":".c-banner-promo"}\nRESULT: undefined\nCOMMAND: deleteSession - {}\nRESULT: undefined	Error: Expect $(`.c-banner-promo`) to exist Expected: [32m"exist"[39m\nReceived: [31m"[7mnot [27mexist"[39m at Context.<anonymous> (/Users/andy/code/qa/packages/test-cases/test/specs/gooddata.e2e.js:22:44) at async Context.executeAsync (/Users/andy/code/qa/node_modules/@wdio/utils/build/shim.js:285:16) at async Context.testFrameworkFnWrapper (/Users/andy/code/qa/node_modules/@wdio/utils/build/test-framework/testFnWrapper.js:52:18)	failed	\nExpect $(`.c-banner-promo`) to exist\n\nExpected: "exist"\nReceived: "not exist"	10
26	chrome.93_0_4577_63.darwin.Google website	should have a correct title	0.517	COMMAND: navigateTo - {"url":"https://www.google.com/"}\nRESULT: undefined\nCOMMAND: findElement - {"using":"css selector","value":"#L2AGLb"}\nRESULT: undefined\nCOMMAND: executeScript - {"script":"return (function isElementDisplayed(element) {\\n function nodeIsElement(node) {\\n if (!node) {\\n return false;\\n }\\n switch (node.nodeType) {\\n case Node.ELEMEN ... (7762 more bytes)","args":[{"element-6066-11e4-a52e-4f735466cecf":"ELEMENT-1","ELEMENT":"ELEMENT-1"}]}\nRESULT: undefined\nCOMMAND: executeScript - {"script":"return (function isElementClickable(elem) {\\n if (!elem.getBoundingClientRect || !elem.scrollIntoView || !elem.contains || !elem.getClientRects || !document.elementFromPoint) {\\n return false; ... (5149 more bytes)","args":[{"element-6066-11e4-a52e-4f735466cecf":"ELEMENT-1","ELEMENT":"ELEMENT-1"}]}\nRESULT: undefined\nCOMMAND: findElement - {"using":"css selector","value":"#L2AGLb"}\nRESULT: undefined\nCOMMAND: elementClick - {"elementId":"ELEMENT-2"}\nRESULT: undefined		passed	\N	11
27	chrome.93_0_4577_63.darwin.Google website	should have search field	0.478	COMMAND: findElement - {"using":"css selector","value":"title"}\nRESULT: undefined\nCOMMAND: navigateTo - {"url":"https://www.google.com/"}\nRESULT: undefined\nCOMMAND: findElement - {"using":"css selector","value":"#L2AGLb"}\nRESULT: undefined\nCOMMAND: findElement - {"using":"css selector","value":"#L2AGLb"}\nRESULT: undefined		passed	\N	11
28	chrome.93_0_4577_63.darwin.Google website	should find GoodData website	2.594	COMMAND: findElement - {"using":"css selector","value":"form[role=search] input"}\nCOMMAND: navigateTo - {"url":"https://www.google.com/"}\nRESULT: undefined\nRESULT: undefined\nCOMMAND: findElement - {"using":"css selector","value":"#L2AGLb"}\nRESULT: undefined\nCOMMAND: findElement - {"using":"css selector","value":"#L2AGLb"}\nRESULT: undefined\nCOMMAND: findElement - {"using":"css selector","value":"form[role=search] input"}\nRESULT: undefined\nCOMMAND: elementClear - {"elementId":"ELEMENT-5"}\nRESULT: undefined\nCOMMAND: findElements - {"using":"css selector","value":"form[role=search] input"}\nCOMMAND: getElementText - {"elementId":"ELEMENT-3"}\nCOMMAND: elementSendKeys - {"elementId":"ELEMENT-5","text":"GoodData"}\nCOMMAND: findElement - {"using":"css selector","value":"title"}\nRESULT: undefined\nRESULT: undefined\nCOMMAND: getElementText - {"elementId":"ELEMENT-3"}\nCOMMAND: findElement - {"using":"css selector","value":"title"}\nRESULT: undefined\nCOMMAND: getElementText - {"elementId":"ELEMENT-15"}\nRESULT: undefined\nRESULT: undefined\nCOMMAND: performActions - {"actions":[{"type":"key","id":"keyboard","actions":[{"type":"keyDown","value":"Enter"},{"type":"keyUp","value":"Enter"}]}]}\nRESULT: undefined\nCOMMAND: releaseActions - {}\nRESULT: undefined\nCOMMAND: findElement - {"using":"css selector","value":"#rso"}\nCOMMAND: deleteSession - {}\nRESULT: undefined		passed	\N	11
29	chrome.93_0_4577_63.darwin.GoodData website	should have a correct title	1.364	COMMAND: navigateTo - {"url":"https://gooddata.com/"}\nRESULT: undefined\nCOMMAND: findElement - {"using":"css selector","value":"title"}\nRESULT: undefined\nCOMMAND: getElementText - {"elementId":"ELEMENT-1"}\nRESULT: undefined		passed	\N	12
30	chrome.93_0_4577_63.darwin.GoodData website	should include Get a demo button	0.8	COMMAND: navigateTo - {"url":"https://gooddata.com/"}\nRESULT: undefined\nCOMMAND: findElement - {"using":"css selector","value":"#main-menu-request-a-demo"}\nRESULT: undefined\nCOMMAND: getElementText - {"elementId":"ELEMENT-2"}\nRESULT: undefined		passed	\N	12
32	chrome.93_0_4577_63.darwin.Google website	should have a correct title	0.647	COMMAND: navigateTo - {"url":"https://www.google.com/"}\nRESULT: undefined\nCOMMAND: findElement - {"using":"css selector","value":"#L2AGLb"}\nRESULT: undefined\nCOMMAND: executeScript - {"script":"return (function isElementDisplayed(element) {\\n function nodeIsElement(node) {\\n if (!node) {\\n return false;\\n }\\n switch (node.nodeType) {\\n case Node.ELEMEN ... (7762 more bytes)","args":[{"element-6066-11e4-a52e-4f735466cecf":"ELEMENT-1","ELEMENT":"ELEMENT-1"}]}\nRESULT: undefined\nCOMMAND: executeScript - {"script":"return (function isElementClickable(elem) {\\n if (!elem.getBoundingClientRect || !elem.scrollIntoView || !elem.contains || !elem.getClientRects || !document.elementFromPoint) {\\n return false; ... (5149 more bytes)","args":[{"element-6066-11e4-a52e-4f735466cecf":"ELEMENT-1","ELEMENT":"ELEMENT-1"}]}\nRESULT: undefined\nCOMMAND: findElement - {"using":"css selector","value":"#L2AGLb"}\nRESULT: undefined\nCOMMAND: elementClick - {"elementId":"ELEMENT-2"}\nRESULT: undefined		passed	\N	13
33	chrome.93_0_4577_63.darwin.Google website	should have search field	0.386	COMMAND: findElement - {"using":"css selector","value":"title"}\nCOMMAND: navigateTo - {"url":"https://www.google.com/"}\nRESULT: undefined\nRESULT: undefined\nCOMMAND: findElement - {"using":"css selector","value":"#L2AGLb"}\nCOMMAND: getElementText - {"elementId":"ELEMENT-3"}\nRESULT: undefined\nCOMMAND: findElement - {"using":"css selector","value":"title"}\nRESULT: undefined\nCOMMAND: findElement - {"using":"css selector","value":"#L2AGLb"}\nCOMMAND: getElementText - {"elementId":"ELEMENT-3"}\nRESULT: undefined		passed	\N	13
34	chrome.93_0_4577_63.darwin.Google website	should find GoodData website	2.461	COMMAND: findElement - {"using":"css selector","value":"title"}\nCOMMAND: findElement - {"using":"css selector","value":"form[role=search] input"}\nRESULT: undefined\nRESULT: undefined\nCOMMAND: navigateTo - {"url":"https://www.google.com/"}\nCOMMAND: getElementText - {"elementId":"ELEMENT-5"}\nCOMMAND: findElements - {"using":"css selector","value":"form[role=search] input"}\nRESULT: undefined\nCOMMAND: getElementText - {"elementId":"ELEMENT-5"}\nCOMMAND: findElement - {"using":"css selector","value":"#L2AGLb"}\nCOMMAND: findElement - {"using":"css selector","value":"title"}\nRESULT: undefined\nRESULT: undefined\nCOMMAND: findElement - {"using":"css selector","value":"#L2AGLb"}\nCOMMAND: getElementText - {"elementId":"ELEMENT-5"}\nRESULT: undefined\nCOMMAND: findElement - {"using":"css selector","value":"form[role=search] input"}\nCOMMAND: getElementText - {"elementId":"ELEMENT-7"}\nRESULT: undefined\nCOMMAND: elementClear - {"elementId":"ELEMENT-8"}\nRESULT: undefined\nRESULT: undefined\nCOMMAND: elementSendKeys - {"elementId":"ELEMENT-8","text":"GoodData"}\nRESULT: undefined\nCOMMAND: performActions - {"actions":[{"type":"key","id":"keyboard","actions":[{"type":"keyDown","value":"Enter"},{"type":"keyUp","value":"Enter"}]}]}\nRESULT: undefined\nCOMMAND: findElements - {"using":"css selector","value":"form[role=search] input"}\nCOMMAND: releaseActions - {}\nRESULT: undefined\nCOMMAND: findElement - {"using":"css selector","value":"#rso"}\nRESULT: undefined\nCOMMAND: deleteSession - {}\nRESULT: undefined\nRESULT: undefined		passed	\N	13
35	chrome.93_0_4577_63.darwin.GoodData website	should have a correct title	1.481	COMMAND: navigateTo - {"url":"https://gooddata.com/"}\nRESULT: undefined\nCOMMAND: findElement - {"using":"css selector","value":"title"}\nRESULT: undefined\nCOMMAND: getElementText - {"elementId":"ELEMENT-1"}\nRESULT: undefined		passed	\N	14
36	chrome.93_0_4577_63.darwin.GoodData website	should include Get a demo button	1.004	COMMAND: navigateTo - {"url":"https://gooddata.com/"}\nRESULT: undefined\nCOMMAND: findElement - {"using":"css selector","value":"#main-menu-request-a-demo"}\nRESULT: undefined\nCOMMAND: getElementText - {"elementId":"ELEMENT-2"}\nRESULT: undefined		passed	\N	14
37	chrome.93_0_4577_63.darwin.GoodData website	should include a webinar banner	0.924	COMMAND: navigateTo - {"url":"https://gooddata.com/"}\nRESULT: undefined\nCOMMAND: findElement - {"using":"css selector","value":".c-banner-promo"}\nRESULT: undefined\nCOMMAND: findElements - {"using":"css selector","value":".c-banner-promo"}\nRESULT: undefined\nCOMMAND: deleteSession - {}\nRESULT: undefined		passed	\N	14
38	chrome.93_0_4577_63.darwin.Google website	should have a correct title	0.491	COMMAND: navigateTo - {"url":"https://www.google.com/"}\nRESULT: undefined\nCOMMAND: findElement - {"using":"css selector","value":"#L2AGLb"}\nRESULT: undefined\nCOMMAND: executeScript - {"script":"return (function isElementDisplayed(element) {\\n function nodeIsElement(node) {\\n if (!node) {\\n return false;\\n }\\n switch (node.nodeType) {\\n case Node.ELEMEN ... (7762 more bytes)","args":[{"element-6066-11e4-a52e-4f735466cecf":"ELEMENT-1","ELEMENT":"ELEMENT-1"}]}\nRESULT: undefined\nCOMMAND: executeScript - {"script":"return (function isElementClickable(elem) {\\n if (!elem.getBoundingClientRect || !elem.scrollIntoView || !elem.contains || !elem.getClientRects || !document.elementFromPoint) {\\n return false; ... (5149 more bytes)","args":[{"element-6066-11e4-a52e-4f735466cecf":"ELEMENT-1","ELEMENT":"ELEMENT-1"}]}\nRESULT: undefined\nCOMMAND: findElement - {"using":"css selector","value":"#L2AGLb"}\nRESULT: undefined\nCOMMAND: elementClick - {"elementId":"ELEMENT-2"}\nRESULT: undefined		passed	\N	15
39	chrome.93_0_4577_63.darwin.Google website	should have search field	0.26	COMMAND: findElement - {"using":"css selector","value":"title"}\nRESULT: undefined\nCOMMAND: navigateTo - {"url":"https://www.google.com/"}\nRESULT: undefined\nCOMMAND: findElement - {"using":"css selector","value":"#L2AGLb"}\nRESULT: undefined\nCOMMAND: findElement - {"using":"css selector","value":"#L2AGLb"}\nCOMMAND: getElementText - {"elementId":"ELEMENT-3"}\nRESULT: undefined		passed	\N	15
40	chrome.93_0_4577_63.darwin.Google website	should find GoodData website	2.094	COMMAND: findElement - {"using":"css selector","value":"title"}\nCOMMAND: findElement - {"using":"css selector","value":"form[role=search] input"}\nRESULT: undefined\nCOMMAND: navigateTo - {"url":"https://www.google.com/"}\nRESULT: undefined\nRESULT: undefined\nCOMMAND: findElement - {"using":"css selector","value":"#L2AGLb"}\nRESULT: undefined\nCOMMAND: findElement - {"using":"css selector","value":"#L2AGLb"}\nRESULT: undefined\nCOMMAND: findElement - {"using":"css selector","value":"form[role=search] input"}\nRESULT: undefined\nCOMMAND: elementClear - {"elementId":"ELEMENT-6"}\nRESULT: undefined\nCOMMAND: elementSendKeys - {"elementId":"ELEMENT-6","text":"GoodData"}\nCOMMAND: findElements - {"using":"css selector","value":"form[role=search] input"}\nCOMMAND: getElementText - {"elementId":"ELEMENT-3"}\nRESULT: undefined\nCOMMAND: findElement - {"using":"css selector","value":"title"}\nRESULT: undefined\nCOMMAND: performActions - {"actions":[{"type":"key","id":"keyboard","actions":[{"type":"keyDown","value":"Enter"},{"type":"keyUp","value":"Enter"}]}]}\nRESULT: undefined\nRESULT: undefined\nCOMMAND: getElementText - {"elementId":"ELEMENT-15"}\nCOMMAND: getElementText - {"elementId":"ELEMENT-15"}\nCOMMAND: findElement - {"using":"css selector","value":"title"}\nRESULT: undefined\nCOMMAND: getElementText - {"elementId":"ELEMENT-15"}\nCOMMAND: getElementText - {"elementId":"ELEMENT-16"}\nRESULT: undefined\nCOMMAND: releaseActions - {}\nRESULT: undefined\nCOMMAND: findElement - {"using":"css selector","value":"#rso"}\nRESULT: undefined\nCOMMAND: deleteSession - {}\nRESULT: undefined		passed	\N	15
41	chrome.93_0_4577_63.darwin.GoodData website	should have a correct title	1.626	COMMAND: navigateTo - {"url":"https://gooddata.com/"}\nRESULT: undefined\nCOMMAND: findElement - {"using":"css selector","value":"title"}\nRESULT: undefined\nCOMMAND: getElementText - {"elementId":"ELEMENT-1"}\nRESULT: undefined		passed	\N	16
42	chrome.93_0_4577_63.darwin.GoodData website	should include Get a demo button	0.807	COMMAND: navigateTo - {"url":"https://gooddata.com/"}\nRESULT: undefined\nCOMMAND: findElement - {"using":"css selector","value":"#main-menu-request-a-demo"}\nRESULT: undefined\nCOMMAND: getElementText - {"elementId":"ELEMENT-2"}\nRESULT: undefined		passed	\N	16
43	chrome.93_0_4577_63.darwin.GoodData website	should include a webinar banner	11.96	COMMAND: navigateTo - {"url":"https://gooddata.com/"}\nRESULT: undefined\nCOMMAND: findElement - {"using":"css selector","value":".c-banner-promo__x"}\nRESULT: undefined\nCOMMAND: elementClick - {"elementId":"ELEMENT-3"}\nRESULT: undefined\nCOMMAND: findElement - {"using":"css selector","value":".c-banner-promo"}\nRESULT: undefined\nCOMMAND: findElements - {"using":"css selector","value":".c-banner-promo"}\nRESULT: undefined\nCOMMAND: findElements - {"using":"css selector","value":".c-banner-promo"}\nRESULT: undefined\nCOMMAND: findElements - {"using":"css selector","value":".c-banner-promo"}\nRESULT: undefined\nCOMMAND: findElements - {"using":"css selector","value":".c-banner-promo"}\nRESULT: undefined\nCOMMAND: findElements - {"using":"css selector","value":".c-banner-promo"}\nRESULT: undefined\nCOMMAND: findElements - {"using":"css selector","value":".c-banner-promo"}\nRESULT: undefined\nCOMMAND: findElements - {"using":"css selector","value":".c-banner-promo"}\nRESULT: undefined\nCOMMAND: findElements - {"using":"css selector","value":".c-banner-promo"}\nRESULT: undefined\nCOMMAND: findElements - {"using":"css selector","value":".c-banner-promo"}\nRESULT: undefined\nCOMMAND: findElements - {"using":"css selector","value":".c-banner-promo"}\nRESULT: undefined\nCOMMAND: findElements - {"using":"css selector","value":".c-banner-promo"}\nRESULT: undefined\nCOMMAND: findElements - {"using":"css selector","value":".c-banner-promo"}\nRESULT: undefined\nCOMMAND: findElements - {"using":"css selector","value":".c-banner-promo"}\nRESULT: undefined\nCOMMAND: findElements - {"using":"css selector","value":".c-banner-promo"}\nRESULT: undefined\nCOMMAND: findElements - {"using":"css selector","value":".c-banner-promo"}\nRESULT: undefined\nCOMMAND: findElements - {"using":"css selector","value":".c-banner-promo"}\nRESULT: undefined\nCOMMAND: findElements - {"using":"css selector","value":".c-banner-promo"}\nRESULT: undefined\nCOMMAND: findElements - {"using":"css selector","value":".c-banner-promo"}\nRESULT: undefined\nCOMMAND: findElements - {"using":"css selector","value":".c-banner-promo"}\nRESULT: undefined\nCOMMAND: findElements - {"using":"css selector","value":".c-banner-promo"}\nRESULT: undefined\nCOMMAND: deleteSession - {}\nRESULT: undefined	Error: Expect $(`.c-banner-promo`) to exist Expected: [32m"exist"[39m\nReceived: [31m"[7mnot [27mexist"[39m at Context.<anonymous> (/Users/andy/code/qa/packages/test-cases/test/specs/gooddata.e2e.js:22:44) at async Context.executeAsync (/Users/andy/code/qa/node_modules/@wdio/utils/build/shim.js:285:16) at async Context.testFrameworkFnWrapper (/Users/andy/code/qa/node_modules/@wdio/utils/build/test-framework/testFnWrapper.js:52:18)	failed	\nExpect $(`.c-banner-promo`) to exist\n\nExpected: "exist"\nReceived: "not exist"	16
44	chrome.93_0_4577_63.darwin.Google website	should have a correct title	0.484	COMMAND: navigateTo - {"url":"https://www.google.com/"}\nRESULT: undefined\nCOMMAND: findElement - {"using":"css selector","value":"#L2AGLb"}\nRESULT: undefined\nCOMMAND: executeScript - {"script":"return (function isElementDisplayed(element) {\\n function nodeIsElement(node) {\\n if (!node) {\\n return false;\\n }\\n switch (node.nodeType) {\\n case Node.ELEMEN ... (7762 more bytes)","args":[{"element-6066-11e4-a52e-4f735466cecf":"ELEMENT-1","ELEMENT":"ELEMENT-1"}]}\nRESULT: undefined\nCOMMAND: executeScript - {"script":"return (function isElementClickable(elem) {\\n if (!elem.getBoundingClientRect || !elem.scrollIntoView || !elem.contains || !elem.getClientRects || !document.elementFromPoint) {\\n return false; ... (5149 more bytes)","args":[{"element-6066-11e4-a52e-4f735466cecf":"ELEMENT-1","ELEMENT":"ELEMENT-1"}]}\nRESULT: undefined\nCOMMAND: findElement - {"using":"css selector","value":"#L2AGLb"}\nRESULT: undefined\nCOMMAND: elementClick - {"elementId":"ELEMENT-2"}\nRESULT: undefined		passed	\N	17
45	chrome.93_0_4577_63.darwin.Google website	should have search field	0.349	COMMAND: findElement - {"using":"css selector","value":"title"}\nRESULT: undefined\nCOMMAND: navigateTo - {"url":"https://www.google.com/"}\nCOMMAND: getElementText - {"elementId":"ELEMENT-3"}\nRESULT: undefined\nCOMMAND: getElementText - {"elementId":"ELEMENT-3"}\nCOMMAND: findElement - {"using":"css selector","value":"#L2AGLb"}\nCOMMAND: findElement - {"using":"css selector","value":"title"}\nRESULT: undefined\nRESULT: undefined\nCOMMAND: findElement - {"using":"css selector","value":"#L2AGLb"}\nCOMMAND: getElementText - {"elementId":"ELEMENT-3"}\nRESULT: undefined		passed	\N	17
46	chrome.93_0_4577_63.darwin.Google website	should find GoodData website	2.211	COMMAND: findElement - {"using":"css selector","value":"title"}\nCOMMAND: findElement - {"using":"css selector","value":"form[role=search] input"}\nRESULT: undefined\nCOMMAND: navigateTo - {"url":"https://www.google.com/"}\nRESULT: undefined\nCOMMAND: getElementText - {"elementId":"ELEMENT-5"}\nRESULT: undefined\nCOMMAND: getElementText - {"elementId":"ELEMENT-5"}\nCOMMAND: findElement - {"using":"css selector","value":"#L2AGLb"}\nCOMMAND: findElement - {"using":"css selector","value":"title"}\nRESULT: undefined\nRESULT: undefined\nCOMMAND: findElement - {"using":"css selector","value":"#L2AGLb"}\nCOMMAND: getElementText - {"elementId":"ELEMENT-5"}\nRESULT: undefined\nCOMMAND: findElement - {"using":"css selector","value":"form[role=search] input"}\nCOMMAND: getElementText - {"elementId":"ELEMENT-7"}\nRESULT: undefined\nCOMMAND: elementClear - {"elementId":"ELEMENT-8"}\nRESULT: undefined\nRESULT: undefined\nCOMMAND: elementSendKeys - {"elementId":"ELEMENT-8","text":"GoodData"}\nCOMMAND: findElements - {"using":"css selector","value":"form[role=search] input"}\nRESULT: undefined\nRESULT: undefined\nCOMMAND: performActions - {"actions":[{"type":"key","id":"keyboard","actions":[{"type":"keyDown","value":"Enter"},{"type":"keyUp","value":"Enter"}]}]}\nRESULT: undefined\nCOMMAND: releaseActions - {}\nRESULT: undefined\nCOMMAND: findElement - {"using":"css selector","value":"#rso"}\nCOMMAND: deleteSession - {}\nRESULT: undefined\nRESULT: undefined		passed	\N	17
47	chrome.93_0_4577_63.darwin.GoodData website	should have a correct title	1.926	COMMAND: navigateTo - {"url":"https://gooddata.com/"}\nRESULT: undefined\nCOMMAND: findElement - {"using":"css selector","value":"title"}\nRESULT: undefined\nCOMMAND: getElementText - {"elementId":"ELEMENT-1"}\nRESULT: undefined		passed	\N	18
48	chrome.93_0_4577_63.darwin.GoodData website	should include Get a demo button	0.849	COMMAND: navigateTo - {"url":"https://gooddata.com/"}\nRESULT: undefined\nCOMMAND: findElement - {"using":"css selector","value":"#main-menu-request-a-demo"}\nRESULT: undefined\nCOMMAND: getElementText - {"elementId":"ELEMENT-2"}\nRESULT: undefined		passed	\N	18
49	chrome.93_0_4577_63.darwin.GoodData website	should include a webinar banner	0.923	COMMAND: navigateTo - {"url":"https://gooddata.com/"}\nRESULT: undefined\nCOMMAND: findElement - {"using":"css selector","value":".c-banner-promo"}\nRESULT: undefined\nCOMMAND: findElements - {"using":"css selector","value":".c-banner-promo"}\nRESULT: undefined\nCOMMAND: deleteSession - {}\nRESULT: undefined		passed	\N	18
50	chrome.93_0_4577_63.darwin.Google website	should have a correct title	0.494	COMMAND: navigateTo - {"url":"https://www.google.com/"}\nRESULT: undefined\nCOMMAND: findElement - {"using":"css selector","value":"#L2AGLb"}\nRESULT: undefined\nCOMMAND: executeScript - {"script":"return (function isElementDisplayed(element) {\\n function nodeIsElement(node) {\\n if (!node) {\\n return false;\\n }\\n switch (node.nodeType) {\\n case Node.ELEMEN ... (7762 more bytes)","args":[{"element-6066-11e4-a52e-4f735466cecf":"ELEMENT-1","ELEMENT":"ELEMENT-1"}]}\nRESULT: undefined\nCOMMAND: executeScript - {"script":"return (function isElementClickable(elem) {\\n if (!elem.getBoundingClientRect || !elem.scrollIntoView || !elem.contains || !elem.getClientRects || !document.elementFromPoint) {\\n return false; ... (5149 more bytes)","args":[{"element-6066-11e4-a52e-4f735466cecf":"ELEMENT-1","ELEMENT":"ELEMENT-1"}]}\nRESULT: undefined\nCOMMAND: findElement - {"using":"css selector","value":"#L2AGLb"}\nRESULT: undefined\nCOMMAND: elementClick - {"elementId":"ELEMENT-2"}\nRESULT: undefined		passed	\N	19
51	chrome.93_0_4577_63.darwin.Google website	should have search field	0.244	COMMAND: findElement - {"using":"css selector","value":"title"}\nRESULT: undefined\nCOMMAND: navigateTo - {"url":"https://www.google.com/"}\nCOMMAND: getElementText - {"elementId":"ELEMENT-3"}\nRESULT: undefined\nCOMMAND: getElementText - {"elementId":"ELEMENT-3"}\nCOMMAND: findElement - {"using":"css selector","value":"#L2AGLb"}\nCOMMAND: findElement - {"using":"css selector","value":"title"}\nRESULT: undefined\nRESULT: undefined\nCOMMAND: findElement - {"using":"css selector","value":"#L2AGLb"}\nCOMMAND: getElementText - {"elementId":"ELEMENT-3"}\nRESULT: undefined		passed	\N	19
52	chrome.93_0_4577_63.darwin.Google website	should find GoodData website	2.2	COMMAND: findElement - {"using":"css selector","value":"title"}\nCOMMAND: findElement - {"using":"css selector","value":"form[role=search] input"}\nRESULT: undefined\nCOMMAND: navigateTo - {"url":"https://www.google.com/"}\nRESULT: undefined\nCOMMAND: getElementText - {"elementId":"ELEMENT-5"}\nRESULT: undefined\nCOMMAND: getElementText - {"elementId":"ELEMENT-5"}\nCOMMAND: findElement - {"using":"css selector","value":"#L2AGLb"}\nRESULT: undefined\nCOMMAND: findElement - {"using":"css selector","value":"title"}\nRESULT: undefined\nCOMMAND: findElement - {"using":"css selector","value":"#L2AGLb"}\nRESULT: undefined\nCOMMAND: getElementText - {"elementId":"ELEMENT-5"}\nCOMMAND: findElement - {"using":"css selector","value":"form[role=search] input"}\nRESULT: undefined\nCOMMAND: elementClear - {"elementId":"ELEMENT-8"}\nRESULT: undefined\nCOMMAND: elementSendKeys - {"elementId":"ELEMENT-8","text":"GoodData"}\nCOMMAND: findElements - {"using":"css selector","value":"form[role=search] input"}\nRESULT: undefined\nRESULT: undefined\nCOMMAND: performActions - {"actions":[{"type":"key","id":"keyboard","actions":[{"type":"keyDown","value":"Enter"},{"type":"keyUp","value":"Enter"}]}]}\nRESULT: undefined\nCOMMAND: getElementText - {"elementId":"ELEMENT-7"}\nCOMMAND: releaseActions - {}\nRESULT: undefined\nCOMMAND: findElement - {"using":"css selector","value":"title"}\nCOMMAND: findElement - {"using":"css selector","value":"#rso"}\nRESULT: undefined\nCOMMAND: deleteSession - {}\nRESULT: undefined\nRESULT: undefined		passed	\N	19
53	chrome.93_0_4577_63.darwin.GoodData website	should have a correct title	2.168	COMMAND: navigateTo - {"url":"https://gooddata.com/"}\nRESULT: undefined\nCOMMAND: findElement - {"using":"css selector","value":"title"}\nRESULT: undefined\nCOMMAND: getElementText - {"elementId":"ELEMENT-1"}\nRESULT: undefined		passed	\N	20
54	chrome.93_0_4577_63.darwin.GoodData website	should include Get a demo button	0.929	COMMAND: navigateTo - {"url":"https://gooddata.com/"}\nRESULT: undefined\nCOMMAND: findElement - {"using":"css selector","value":"#main-menu-request-a-demo"}\nRESULT: undefined\nCOMMAND: getElementText - {"elementId":"ELEMENT-2"}\nRESULT: undefined		passed	\N	20
55	chrome.93_0_4577_63.darwin.GoodData website	should include a webinar banner	0.886	COMMAND: navigateTo - {"url":"https://gooddata.com/"}\nRESULT: undefined\nCOMMAND: findElement - {"using":"css selector","value":".c-banner-promo"}\nRESULT: undefined\nCOMMAND: findElements - {"using":"css selector","value":".c-banner-promo"}\nRESULT: undefined\nCOMMAND: deleteSession - {}\nRESULT: undefined		passed	\N	20
56	chrome.93_0_4577_63.darwin.Google website	should have a correct title	0.63	COMMAND: navigateTo - {"url":"https://www.google.com/"}\nRESULT: undefined\nCOMMAND: findElement - {"using":"css selector","value":"#L2AGLb"}\nRESULT: undefined\nCOMMAND: executeScript - {"script":"return (function isElementDisplayed(element) {\\n function nodeIsElement(node) {\\n if (!node) {\\n return false;\\n }\\n switch (node.nodeType) {\\n case Node.ELEMEN ... (7762 more bytes)","args":[{"element-6066-11e4-a52e-4f735466cecf":"ELEMENT-1","ELEMENT":"ELEMENT-1"}]}\nRESULT: undefined\nCOMMAND: executeScript - {"script":"return (function isElementClickable(elem) {\\n if (!elem.getBoundingClientRect || !elem.scrollIntoView || !elem.contains || !elem.getClientRects || !document.elementFromPoint) {\\n return false; ... (5149 more bytes)","args":[{"element-6066-11e4-a52e-4f735466cecf":"ELEMENT-1","ELEMENT":"ELEMENT-1"}]}\nRESULT: undefined\nCOMMAND: findElement - {"using":"css selector","value":"#L2AGLb"}\nRESULT: undefined\nCOMMAND: elementClick - {"elementId":"ELEMENT-2"}\nRESULT: undefined		passed	\N	21
57	chrome.93_0_4577_63.darwin.Google website	should have search field	0.323	COMMAND: findElement - {"using":"css selector","value":"title"}\nCOMMAND: navigateTo - {"url":"https://www.google.com/"}\nRESULT: undefined\nRESULT: undefined\nCOMMAND: findElement - {"using":"css selector","value":"#L2AGLb"}\nRESULT: undefined\nCOMMAND: findElement - {"using":"css selector","value":"#L2AGLb"}\nRESULT: undefined		passed	\N	21
58	chrome.93_0_4577_63.darwin.Google website	should find GoodData website	2.208	COMMAND: findElement - {"using":"css selector","value":"form[role=search] input"}\nCOMMAND: navigateTo - {"url":"https://www.google.com/"}\nRESULT: undefined\nRESULT: undefined\nCOMMAND: findElement - {"using":"css selector","value":"#L2AGLb"}\nRESULT: undefined\nCOMMAND: findElement - {"using":"css selector","value":"#L2AGLb"}\nRESULT: undefined\nCOMMAND: findElement - {"using":"css selector","value":"form[role=search] input"}\nRESULT: undefined\nCOMMAND: elementClear - {"elementId":"ELEMENT-5"}\nRESULT: undefined\nCOMMAND: elementSendKeys - {"elementId":"ELEMENT-5","text":"GoodData"}\nCOMMAND: findElements - {"using":"css selector","value":"form[role=search] input"}\nCOMMAND: getElementText - {"elementId":"ELEMENT-3"}\nCOMMAND: findElement - {"using":"css selector","value":"title"}\nRESULT: undefined\nRESULT: undefined\nCOMMAND: getElementText - {"elementId":"ELEMENT-3"}\nCOMMAND: findElement - {"using":"css selector","value":"title"}\nRESULT: undefined\nCOMMAND: getElementText - {"elementId":"ELEMENT-15"}\nRESULT: undefined\nRESULT: undefined\nCOMMAND: performActions - {"actions":[{"type":"key","id":"keyboard","actions":[{"type":"keyDown","value":"Enter"},{"type":"keyUp","value":"Enter"}]}]}\nRESULT: undefined\nCOMMAND: releaseActions - {}\nRESULT: undefined\nCOMMAND: findElement - {"using":"css selector","value":"#rso"}\nCOMMAND: deleteSession - {}\nRESULT: undefined		passed	\N	21
59	chrome.93_0_4577_63.darwin.GoodData website	should have a correct title	1.463	COMMAND: navigateTo - {"url":"https://gooddata.com/"}\nRESULT: undefined\nCOMMAND: findElement - {"using":"css selector","value":"title"}\nRESULT: undefined\nCOMMAND: getElementText - {"elementId":"ELEMENT-1"}\nRESULT: undefined		passed	\N	22
60	chrome.93_0_4577_63.darwin.GoodData website	should include Get a demo button	0.932	COMMAND: navigateTo - {"url":"https://gooddata.com/"}\nRESULT: undefined\nCOMMAND: findElement - {"using":"css selector","value":"#main-menu-request-a-demo"}\nRESULT: undefined\nCOMMAND: getElementText - {"elementId":"ELEMENT-2"}\nRESULT: undefined		passed	\N	22
61	chrome.93_0_4577_63.darwin.GoodData website	should include a webinar banner	0.909	COMMAND: navigateTo - {"url":"https://gooddata.com/"}\nRESULT: undefined\nCOMMAND: findElement - {"using":"css selector","value":".c-banner-promo"}\nRESULT: undefined\nCOMMAND: findElements - {"using":"css selector","value":".c-banner-promo"}\nRESULT: undefined\nCOMMAND: deleteSession - {}\nRESULT: undefined		passed	\N	22
62	chrome.93_0_4577_63.darwin.New test suite	should pass	0.002			passed	\N	23
63	chrome.93_0_4577_63.darwin.New test suite	should fail	0.002	COMMAND: deleteSession - {}\nRESULT: undefined	Error: [2mexpect([22m[31mreceived[39m[2m).[22mtoEqual[2m([22m[32mexpected[39m[2m) // deep equality[22m Expected: [32mfalse[39m\nReceived: [31mtrue[39m at Context.<anonymous> (/Users/andy/code/qa/packages/test-cases/test/specs/newSuite.e2e.js:7:22) at Context.executeAsync (/Users/andy/code/qa/node_modules/@wdio/utils/build/shim.js:285:25) at Context.testFrameworkFnWrapper (/Users/andy/code/qa/node_modules/@wdio/utils/build/test-framework/testFnWrapper.js:45:32)	failed	\nexpect(received).toEqual(expected) // deep equality\n\nExpected: false\nReceived: true	23
64	chrome.93_0_4577_63.darwin.Google website	should have a correct title	0.542	COMMAND: navigateTo - {"url":"https://www.google.com/"}\nRESULT: undefined\nCOMMAND: findElement - {"using":"css selector","value":"#L2AGLb"}\nRESULT: undefined\nCOMMAND: executeScript - {"script":"return (function isElementDisplayed(element) {\\n function nodeIsElement(node) {\\n if (!node) {\\n return false;\\n }\\n switch (node.nodeType) {\\n case Node.ELEMEN ... (7762 more bytes)","args":[{"element-6066-11e4-a52e-4f735466cecf":"ELEMENT-1","ELEMENT":"ELEMENT-1"}]}\nRESULT: undefined\nCOMMAND: executeScript - {"script":"return (function isElementClickable(elem) {\\n if (!elem.getBoundingClientRect || !elem.scrollIntoView || !elem.contains || !elem.getClientRects || !document.elementFromPoint) {\\n return false; ... (5149 more bytes)","args":[{"element-6066-11e4-a52e-4f735466cecf":"ELEMENT-1","ELEMENT":"ELEMENT-1"}]}\nRESULT: undefined\nCOMMAND: findElement - {"using":"css selector","value":"#L2AGLb"}\nRESULT: undefined\nCOMMAND: elementClick - {"elementId":"ELEMENT-2"}\nRESULT: undefined		passed	\N	24
65	chrome.93_0_4577_63.darwin.Google website	should have search field	0.266	COMMAND: findElement - {"using":"css selector","value":"title"}\nCOMMAND: navigateTo - {"url":"https://www.google.com/"}\nRESULT: undefined\nRESULT: undefined\nCOMMAND: findElement - {"using":"css selector","value":"#L2AGLb"}\nRESULT: undefined\nCOMMAND: findElement - {"using":"css selector","value":"#L2AGLb"}\nRESULT: undefined		passed	\N	24
66	chrome.93_0_4577_63.darwin.Google website	should find GoodData website	2.056	COMMAND: findElement - {"using":"css selector","value":"form[role=search] input"}\nCOMMAND: navigateTo - {"url":"https://www.google.com/"}\nRESULT: undefined\nRESULT: undefined\nCOMMAND: findElement - {"using":"css selector","value":"#L2AGLb"}\nRESULT: undefined\nCOMMAND: findElement - {"using":"css selector","value":"#L2AGLb"}\nRESULT: undefined\nCOMMAND: findElement - {"using":"css selector","value":"form[role=search] input"}\nRESULT: undefined\nCOMMAND: elementClear - {"elementId":"ELEMENT-5"}\nCOMMAND: findElements - {"using":"css selector","value":"form[role=search] input"}\nCOMMAND: getElementText - {"elementId":"ELEMENT-3"}\nCOMMAND: findElement - {"using":"css selector","value":"title"}\nRESULT: undefined\nRESULT: undefined\nRESULT: undefined\nCOMMAND: getElementText - {"elementId":"ELEMENT-3"}\nCOMMAND: elementSendKeys - {"elementId":"ELEMENT-5","text":"GoodData"}\nCOMMAND: findElement - {"using":"css selector","value":"title"}\nRESULT: undefined\nCOMMAND: getElementText - {"elementId":"ELEMENT-15"}\nRESULT: undefined\nRESULT: undefined\nCOMMAND: performActions - {"actions":[{"type":"key","id":"keyboard","actions":[{"type":"keyDown","value":"Enter"},{"type":"keyUp","value":"Enter"}]}]}\nRESULT: undefined\nCOMMAND: releaseActions - {}\nRESULT: undefined\nCOMMAND: findElement - {"using":"css selector","value":"#rso"}\nCOMMAND: deleteSession - {}\nRESULT: undefined		passed	\N	24
67	chrome.93_0_4577_63.darwin.GoodData website	should have a correct title	1.463	COMMAND: navigateTo - {"url":"https://gooddata.com/"}\nRESULT: undefined\nCOMMAND: findElement - {"using":"css selector","value":"title"}\nRESULT: undefined\nCOMMAND: getElementText - {"elementId":"ELEMENT-1"}\nRESULT: undefined		passed	\N	25
68	chrome.93_0_4577_63.darwin.GoodData website	should include Get a demo button	0.932	COMMAND: navigateTo - {"url":"https://gooddata.com/"}\nRESULT: undefined\nCOMMAND: findElement - {"using":"css selector","value":"#main-menu-request-a-demo"}\nRESULT: undefined\nCOMMAND: getElementText - {"elementId":"ELEMENT-2"}\nRESULT: undefined		passed	\N	25
69	chrome.93_0_4577_63.darwin.GoodData website	should include a webinar banner	0.909	COMMAND: navigateTo - {"url":"https://gooddata.com/"}\nRESULT: undefined\nCOMMAND: findElement - {"using":"css selector","value":".c-banner-promo"}\nRESULT: undefined\nCOMMAND: findElements - {"using":"css selector","value":".c-banner-promo"}\nRESULT: undefined\nCOMMAND: deleteSession - {}\nRESULT: undefined		passed	\N	25
70	chrome.93_0_4577_63.darwin.New test suite	should pass	0.002			passed	\N	26
71	chrome.93_0_4577_63.darwin.New test suite	should fail	0.002	COMMAND: deleteSession - {}\nRESULT: undefined	Error: [2mexpect([22m[31mreceived[39m[2m).[22mtoEqual[2m([22m[32mexpected[39m[2m) // deep equality[22m Expected: [32mfalse[39m\nReceived: [31mtrue[39m at Context.<anonymous> (/Users/andy/code/qa/packages/test-cases/test/specs/newSuite.e2e.js:7:22) at Context.executeAsync (/Users/andy/code/qa/node_modules/@wdio/utils/build/shim.js:285:25) at Context.testFrameworkFnWrapper (/Users/andy/code/qa/node_modules/@wdio/utils/build/test-framework/testFnWrapper.js:45:32)	failed	\nexpect(received).toEqual(expected) // deep equality\n\nExpected: false\nReceived: true	26
72	chrome.93_0_4577_63.darwin.Google website	should have a correct title	0.542	COMMAND: navigateTo - {"url":"https://www.google.com/"}\nRESULT: undefined\nCOMMAND: findElement - {"using":"css selector","value":"#L2AGLb"}\nRESULT: undefined\nCOMMAND: executeScript - {"script":"return (function isElementDisplayed(element) {\\n function nodeIsElement(node) {\\n if (!node) {\\n return false;\\n }\\n switch (node.nodeType) {\\n case Node.ELEMEN ... (7762 more bytes)","args":[{"element-6066-11e4-a52e-4f735466cecf":"ELEMENT-1","ELEMENT":"ELEMENT-1"}]}\nRESULT: undefined\nCOMMAND: executeScript - {"script":"return (function isElementClickable(elem) {\\n if (!elem.getBoundingClientRect || !elem.scrollIntoView || !elem.contains || !elem.getClientRects || !document.elementFromPoint) {\\n return false; ... (5149 more bytes)","args":[{"element-6066-11e4-a52e-4f735466cecf":"ELEMENT-1","ELEMENT":"ELEMENT-1"}]}\nRESULT: undefined\nCOMMAND: findElement - {"using":"css selector","value":"#L2AGLb"}\nRESULT: undefined\nCOMMAND: elementClick - {"elementId":"ELEMENT-2"}\nRESULT: undefined		passed	\N	27
73	chrome.93_0_4577_63.darwin.Google website	should have search field	0.266	COMMAND: findElement - {"using":"css selector","value":"title"}\nCOMMAND: navigateTo - {"url":"https://www.google.com/"}\nRESULT: undefined\nRESULT: undefined\nCOMMAND: findElement - {"using":"css selector","value":"#L2AGLb"}\nRESULT: undefined\nCOMMAND: findElement - {"using":"css selector","value":"#L2AGLb"}\nRESULT: undefined		passed	\N	27
86	chrome.93_0_4577_63.darwin.Google website	should have a correct title	0.542	COMMAND: navigateTo - {"url":"https://www.google.com/"}\nRESULT: undefined\nCOMMAND: findElement - {"using":"css selector","value":"#L2AGLb"}\nRESULT: undefined\nCOMMAND: executeScript - {"script":"return (function isElementDisplayed(element) {\\n function nodeIsElement(node) {\\n if (!node) {\\n return false;\\n }\\n switch (node.nodeType) {\\n case Node.ELEMEN ... (7762 more bytes)","args":[{"element-6066-11e4-a52e-4f735466cecf":"ELEMENT-1","ELEMENT":"ELEMENT-1"}]}\nRESULT: undefined\nCOMMAND: executeScript - {"script":"return (function isElementClickable(elem) {\\n if (!elem.getBoundingClientRect || !elem.scrollIntoView || !elem.contains || !elem.getClientRects || !document.elementFromPoint) {\\n return false; ... (5149 more bytes)","args":[{"element-6066-11e4-a52e-4f735466cecf":"ELEMENT-1","ELEMENT":"ELEMENT-1"}]}\nRESULT: undefined\nCOMMAND: findElement - {"using":"css selector","value":"#L2AGLb"}\nRESULT: undefined\nCOMMAND: elementClick - {"elementId":"ELEMENT-2"}\nRESULT: undefined		passed	\N	32
74	chrome.93_0_4577_63.darwin.Google website	should find GoodData website	2.056	COMMAND: findElement - {"using":"css selector","value":"form[role=search] input"}\nCOMMAND: navigateTo - {"url":"https://www.google.com/"}\nRESULT: undefined\nRESULT: undefined\nCOMMAND: findElement - {"using":"css selector","value":"#L2AGLb"}\nRESULT: undefined\nCOMMAND: findElement - {"using":"css selector","value":"#L2AGLb"}\nRESULT: undefined\nCOMMAND: findElement - {"using":"css selector","value":"form[role=search] input"}\nRESULT: undefined\nCOMMAND: elementClear - {"elementId":"ELEMENT-5"}\nCOMMAND: findElements - {"using":"css selector","value":"form[role=search] input"}\nCOMMAND: getElementText - {"elementId":"ELEMENT-3"}\nCOMMAND: findElement - {"using":"css selector","value":"title"}\nRESULT: undefined\nRESULT: undefined\nRESULT: undefined\nCOMMAND: getElementText - {"elementId":"ELEMENT-3"}\nCOMMAND: elementSendKeys - {"elementId":"ELEMENT-5","text":"GoodData"}\nCOMMAND: findElement - {"using":"css selector","value":"title"}\nRESULT: undefined\nCOMMAND: getElementText - {"elementId":"ELEMENT-15"}\nRESULT: undefined\nRESULT: undefined\nCOMMAND: performActions - {"actions":[{"type":"key","id":"keyboard","actions":[{"type":"keyDown","value":"Enter"},{"type":"keyUp","value":"Enter"}]}]}\nRESULT: undefined\nCOMMAND: releaseActions - {}\nRESULT: undefined\nCOMMAND: findElement - {"using":"css selector","value":"#rso"}\nCOMMAND: deleteSession - {}\nRESULT: undefined		passed	\N	27
75	chrome.93_0_4577_63.darwin.GoodData website	should have a correct title	1.463	COMMAND: navigateTo - {"url":"https://gooddata.com/"}\nRESULT: undefined\nCOMMAND: findElement - {"using":"css selector","value":"title"}\nRESULT: undefined\nCOMMAND: getElementText - {"elementId":"ELEMENT-1"}\nRESULT: undefined		passed	\N	28
76	chrome.93_0_4577_63.darwin.GoodData website	should include Get a demo button	0.932	COMMAND: navigateTo - {"url":"https://gooddata.com/"}\nRESULT: undefined\nCOMMAND: findElement - {"using":"css selector","value":"#main-menu-request-a-demo"}\nRESULT: undefined\nCOMMAND: getElementText - {"elementId":"ELEMENT-2"}\nRESULT: undefined		passed	\N	28
77	chrome.93_0_4577_63.darwin.GoodData website	should include a webinar banner	0.909	COMMAND: navigateTo - {"url":"https://gooddata.com/"}\nRESULT: undefined\nCOMMAND: findElement - {"using":"css selector","value":".c-banner-promo"}\nRESULT: undefined\nCOMMAND: findElements - {"using":"css selector","value":".c-banner-promo"}\nRESULT: undefined\nCOMMAND: deleteSession - {}\nRESULT: undefined		passed	\N	28
78	chrome.93_0_4577_63.darwin.Google website	should have a correct title	0.542	COMMAND: navigateTo - {"url":"https://www.google.com/"}\nRESULT: undefined\nCOMMAND: findElement - {"using":"css selector","value":"#L2AGLb"}\nRESULT: undefined\nCOMMAND: executeScript - {"script":"return (function isElementDisplayed(element) {\\n function nodeIsElement(node) {\\n if (!node) {\\n return false;\\n }\\n switch (node.nodeType) {\\n case Node.ELEMEN ... (7762 more bytes)","args":[{"element-6066-11e4-a52e-4f735466cecf":"ELEMENT-1","ELEMENT":"ELEMENT-1"}]}\nRESULT: undefined\nCOMMAND: executeScript - {"script":"return (function isElementClickable(elem) {\\n if (!elem.getBoundingClientRect || !elem.scrollIntoView || !elem.contains || !elem.getClientRects || !document.elementFromPoint) {\\n return false; ... (5149 more bytes)","args":[{"element-6066-11e4-a52e-4f735466cecf":"ELEMENT-1","ELEMENT":"ELEMENT-1"}]}\nRESULT: undefined\nCOMMAND: findElement - {"using":"css selector","value":"#L2AGLb"}\nRESULT: undefined\nCOMMAND: elementClick - {"elementId":"ELEMENT-2"}\nRESULT: undefined		passed	\N	29
79	chrome.93_0_4577_63.darwin.Google website	should have search field	0.266	COMMAND: findElement - {"using":"css selector","value":"title"}\nCOMMAND: navigateTo - {"url":"https://www.google.com/"}\nRESULT: undefined\nRESULT: undefined\nCOMMAND: findElement - {"using":"css selector","value":"#L2AGLb"}\nRESULT: undefined\nCOMMAND: findElement - {"using":"css selector","value":"#L2AGLb"}\nRESULT: undefined		passed	\N	29
80	chrome.93_0_4577_63.darwin.Google website	should find GoodData website	2.056	COMMAND: findElement - {"using":"css selector","value":"form[role=search] input"}\nCOMMAND: navigateTo - {"url":"https://www.google.com/"}\nRESULT: undefined\nRESULT: undefined\nCOMMAND: findElement - {"using":"css selector","value":"#L2AGLb"}\nRESULT: undefined\nCOMMAND: findElement - {"using":"css selector","value":"#L2AGLb"}\nRESULT: undefined\nCOMMAND: findElement - {"using":"css selector","value":"form[role=search] input"}\nRESULT: undefined\nCOMMAND: elementClear - {"elementId":"ELEMENT-5"}\nCOMMAND: findElements - {"using":"css selector","value":"form[role=search] input"}\nCOMMAND: getElementText - {"elementId":"ELEMENT-3"}\nCOMMAND: findElement - {"using":"css selector","value":"title"}\nRESULT: undefined\nRESULT: undefined\nRESULT: undefined\nCOMMAND: getElementText - {"elementId":"ELEMENT-3"}\nCOMMAND: elementSendKeys - {"elementId":"ELEMENT-5","text":"GoodData"}\nCOMMAND: findElement - {"using":"css selector","value":"title"}\nRESULT: undefined\nCOMMAND: getElementText - {"elementId":"ELEMENT-15"}\nRESULT: undefined\nRESULT: undefined\nCOMMAND: performActions - {"actions":[{"type":"key","id":"keyboard","actions":[{"type":"keyDown","value":"Enter"},{"type":"keyUp","value":"Enter"}]}]}\nRESULT: undefined\nCOMMAND: releaseActions - {}\nRESULT: undefined\nCOMMAND: findElement - {"using":"css selector","value":"#rso"}\nCOMMAND: deleteSession - {}\nRESULT: undefined		passed	\N	29
81	chrome.93_0_4577_63.darwin.New test suite	should pass	0.002			passed	\N	30
82	chrome.93_0_4577_63.darwin.New test suite	should fail	0.002	COMMAND: deleteSession - {}\nRESULT: undefined	Error: [2mexpect([22m[31mreceived[39m[2m).[22mtoEqual[2m([22m[32mexpected[39m[2m) // deep equality[22m Expected: [32mfalse[39m\nReceived: [31mtrue[39m at Context.<anonymous> (/Users/andy/code/qa/packages/test-cases/test/specs/newSuite.e2e.js:7:22) at Context.executeAsync (/Users/andy/code/qa/node_modules/@wdio/utils/build/shim.js:285:25) at Context.testFrameworkFnWrapper (/Users/andy/code/qa/node_modules/@wdio/utils/build/test-framework/testFnWrapper.js:45:32)	failed	\nexpect(received).toEqual(expected) // deep equality\n\nExpected: false\nReceived: true	30
83	chrome.93_0_4577_63.darwin.GoodData website	should have a correct title	1.463	COMMAND: navigateTo - {"url":"https://gooddata.com/"}\nRESULT: undefined\nCOMMAND: findElement - {"using":"css selector","value":"title"}\nRESULT: undefined\nCOMMAND: getElementText - {"elementId":"ELEMENT-1"}\nRESULT: undefined		passed	\N	31
84	chrome.93_0_4577_63.darwin.GoodData website	should include Get a demo button	0.932	COMMAND: navigateTo - {"url":"https://gooddata.com/"}\nRESULT: undefined\nCOMMAND: findElement - {"using":"css selector","value":"#main-menu-request-a-demo"}\nRESULT: undefined\nCOMMAND: getElementText - {"elementId":"ELEMENT-2"}\nRESULT: undefined		passed	\N	31
85	chrome.93_0_4577_63.darwin.GoodData website	should include a webinar banner	0.909	COMMAND: navigateTo - {"url":"https://gooddata.com/"}\nRESULT: undefined\nCOMMAND: findElement - {"using":"css selector","value":".c-banner-promo"}\nRESULT: undefined\nCOMMAND: findElements - {"using":"css selector","value":".c-banner-promo"}\nRESULT: undefined\nCOMMAND: deleteSession - {}\nRESULT: undefined		passed	\N	31
87	chrome.93_0_4577_63.darwin.Google website	should have search field	0.266	COMMAND: findElement - {"using":"css selector","value":"title"}\nCOMMAND: navigateTo - {"url":"https://www.google.com/"}\nRESULT: undefined\nRESULT: undefined\nCOMMAND: findElement - {"using":"css selector","value":"#L2AGLb"}\nRESULT: undefined\nCOMMAND: findElement - {"using":"css selector","value":"#L2AGLb"}\nRESULT: undefined		passed	\N	32
88	chrome.93_0_4577_63.darwin.Google website	should find GoodData website	2.056	COMMAND: findElement - {"using":"css selector","value":"form[role=search] input"}\nCOMMAND: navigateTo - {"url":"https://www.google.com/"}\nRESULT: undefined\nRESULT: undefined\nCOMMAND: findElement - {"using":"css selector","value":"#L2AGLb"}\nRESULT: undefined\nCOMMAND: findElement - {"using":"css selector","value":"#L2AGLb"}\nRESULT: undefined\nCOMMAND: findElement - {"using":"css selector","value":"form[role=search] input"}\nRESULT: undefined\nCOMMAND: elementClear - {"elementId":"ELEMENT-5"}\nCOMMAND: findElements - {"using":"css selector","value":"form[role=search] input"}\nCOMMAND: getElementText - {"elementId":"ELEMENT-3"}\nCOMMAND: findElement - {"using":"css selector","value":"title"}\nRESULT: undefined\nRESULT: undefined\nRESULT: undefined\nCOMMAND: getElementText - {"elementId":"ELEMENT-3"}\nCOMMAND: elementSendKeys - {"elementId":"ELEMENT-5","text":"GoodData"}\nCOMMAND: findElement - {"using":"css selector","value":"title"}\nRESULT: undefined\nCOMMAND: getElementText - {"elementId":"ELEMENT-15"}\nRESULT: undefined\nRESULT: undefined\nCOMMAND: performActions - {"actions":[{"type":"key","id":"keyboard","actions":[{"type":"keyDown","value":"Enter"},{"type":"keyUp","value":"Enter"}]}]}\nRESULT: undefined\nCOMMAND: releaseActions - {}\nRESULT: undefined\nCOMMAND: findElement - {"using":"css selector","value":"#rso"}\nCOMMAND: deleteSession - {}\nRESULT: undefined		passed	\N	32
89	chrome.93_0_4577_63.darwin.New test suite	should pass	0.002			passed	\N	33
90	chrome.93_0_4577_63.darwin.New test suite	should fail	0.002	COMMAND: deleteSession - {}\nRESULT: undefined	Error: [2mexpect([22m[31mreceived[39m[2m).[22mtoEqual[2m([22m[32mexpected[39m[2m) // deep equality[22m Expected: [32mfalse[39m\nReceived: [31mtrue[39m at Context.<anonymous> (/Users/andy/code/qa/packages/test-cases/test/specs/newSuite.e2e.js:7:22) at Context.executeAsync (/Users/andy/code/qa/node_modules/@wdio/utils/build/shim.js:285:25) at Context.testFrameworkFnWrapper (/Users/andy/code/qa/node_modules/@wdio/utils/build/test-framework/testFnWrapper.js:45:32)	failed	\nexpect(received).toEqual(expected) // deep equality\n\nExpected: false\nReceived: true	33
91	chrome.93_0_4577_63.darwin.GoodData website	should have a correct title	1.463	COMMAND: navigateTo - {"url":"https://gooddata.com/"}\nRESULT: undefined\nCOMMAND: findElement - {"using":"css selector","value":"title"}\nRESULT: undefined\nCOMMAND: getElementText - {"elementId":"ELEMENT-1"}\nRESULT: undefined		passed	\N	34
92	chrome.93_0_4577_63.darwin.GoodData website	should include Get a demo button	0.932	COMMAND: navigateTo - {"url":"https://gooddata.com/"}\nRESULT: undefined\nCOMMAND: findElement - {"using":"css selector","value":"#main-menu-request-a-demo"}\nRESULT: undefined\nCOMMAND: getElementText - {"elementId":"ELEMENT-2"}\nRESULT: undefined		passed	\N	34
93	chrome.93_0_4577_63.darwin.GoodData website	should include a webinar banner	0.909	COMMAND: navigateTo - {"url":"https://gooddata.com/"}\nRESULT: undefined\nCOMMAND: findElement - {"using":"css selector","value":".c-banner-promo"}\nRESULT: undefined\nCOMMAND: findElements - {"using":"css selector","value":".c-banner-promo"}\nRESULT: undefined\nCOMMAND: deleteSession - {}\nRESULT: undefined		passed	\N	34
94	chrome.93_0_4577_63.darwin.Google website	should have a correct title	0.542	COMMAND: navigateTo - {"url":"https://www.google.com/"}\nRESULT: undefined\nCOMMAND: findElement - {"using":"css selector","value":"#L2AGLb"}\nRESULT: undefined\nCOMMAND: executeScript - {"script":"return (function isElementDisplayed(element) {\\n function nodeIsElement(node) {\\n if (!node) {\\n return false;\\n }\\n switch (node.nodeType) {\\n case Node.ELEMEN ... (7762 more bytes)","args":[{"element-6066-11e4-a52e-4f735466cecf":"ELEMENT-1","ELEMENT":"ELEMENT-1"}]}\nRESULT: undefined\nCOMMAND: executeScript - {"script":"return (function isElementClickable(elem) {\\n if (!elem.getBoundingClientRect || !elem.scrollIntoView || !elem.contains || !elem.getClientRects || !document.elementFromPoint) {\\n return false; ... (5149 more bytes)","args":[{"element-6066-11e4-a52e-4f735466cecf":"ELEMENT-1","ELEMENT":"ELEMENT-1"}]}\nRESULT: undefined\nCOMMAND: findElement - {"using":"css selector","value":"#L2AGLb"}\nRESULT: undefined\nCOMMAND: elementClick - {"elementId":"ELEMENT-2"}\nRESULT: undefined		passed	\N	35
95	chrome.93_0_4577_63.darwin.Google website	should have search field	0.266	COMMAND: findElement - {"using":"css selector","value":"title"}\nCOMMAND: navigateTo - {"url":"https://www.google.com/"}\nRESULT: undefined\nRESULT: undefined\nCOMMAND: findElement - {"using":"css selector","value":"#L2AGLb"}\nRESULT: undefined\nCOMMAND: findElement - {"using":"css selector","value":"#L2AGLb"}\nRESULT: undefined		passed	\N	35
96	chrome.93_0_4577_63.darwin.Google website	should find GoodData website	2.056	COMMAND: findElement - {"using":"css selector","value":"form[role=search] input"}\nCOMMAND: navigateTo - {"url":"https://www.google.com/"}\nRESULT: undefined\nRESULT: undefined\nCOMMAND: findElement - {"using":"css selector","value":"#L2AGLb"}\nRESULT: undefined\nCOMMAND: findElement - {"using":"css selector","value":"#L2AGLb"}\nRESULT: undefined\nCOMMAND: findElement - {"using":"css selector","value":"form[role=search] input"}\nRESULT: undefined\nCOMMAND: elementClear - {"elementId":"ELEMENT-5"}\nCOMMAND: findElements - {"using":"css selector","value":"form[role=search] input"}\nCOMMAND: getElementText - {"elementId":"ELEMENT-3"}\nCOMMAND: findElement - {"using":"css selector","value":"title"}\nRESULT: undefined\nRESULT: undefined\nRESULT: undefined\nCOMMAND: getElementText - {"elementId":"ELEMENT-3"}\nCOMMAND: elementSendKeys - {"elementId":"ELEMENT-5","text":"GoodData"}\nCOMMAND: findElement - {"using":"css selector","value":"title"}\nRESULT: undefined\nCOMMAND: getElementText - {"elementId":"ELEMENT-15"}\nRESULT: undefined\nRESULT: undefined\nCOMMAND: performActions - {"actions":[{"type":"key","id":"keyboard","actions":[{"type":"keyDown","value":"Enter"},{"type":"keyUp","value":"Enter"}]}]}\nRESULT: undefined\nCOMMAND: releaseActions - {}\nRESULT: undefined\nCOMMAND: findElement - {"using":"css selector","value":"#rso"}\nCOMMAND: deleteSession - {}\nRESULT: undefined		passed	\N	35
97	chrome.93_0_4577_63.darwin.New test suite	should pass	0.002			passed	\N	36
98	chrome.93_0_4577_63.darwin.New test suite	should fail	0.002	COMMAND: deleteSession - {}\nRESULT: undefined	Error: [2mexpect([22m[31mreceived[39m[2m).[22mtoEqual[2m([22m[32mexpected[39m[2m) // deep equality[22m Expected: [32mfalse[39m\nReceived: [31mtrue[39m at Context.<anonymous> (/Users/andy/code/qa/packages/test-cases/test/specs/newSuite.e2e.js:7:22) at Context.executeAsync (/Users/andy/code/qa/node_modules/@wdio/utils/build/shim.js:285:25) at Context.testFrameworkFnWrapper (/Users/andy/code/qa/node_modules/@wdio/utils/build/test-framework/testFnWrapper.js:45:32)	failed	\nexpect(received).toEqual(expected) // deep equality\n\nExpected: false\nReceived: true	36
99	chrome.93_0_4577_63.darwin.Google website	should have a correct title	0.542	COMMAND: navigateTo - {"url":"https://www.google.com/"}\nRESULT: undefined\nCOMMAND: findElement - {"using":"css selector","value":"#L2AGLb"}\nRESULT: undefined\nCOMMAND: executeScript - {"script":"return (function isElementDisplayed(element) {\\n function nodeIsElement(node) {\\n if (!node) {\\n return false;\\n }\\n switch (node.nodeType) {\\n case Node.ELEMEN ... (7762 more bytes)","args":[{"element-6066-11e4-a52e-4f735466cecf":"ELEMENT-1","ELEMENT":"ELEMENT-1"}]}\nRESULT: undefined\nCOMMAND: executeScript - {"script":"return (function isElementClickable(elem) {\\n if (!elem.getBoundingClientRect || !elem.scrollIntoView || !elem.contains || !elem.getClientRects || !document.elementFromPoint) {\\n return false; ... (5149 more bytes)","args":[{"element-6066-11e4-a52e-4f735466cecf":"ELEMENT-1","ELEMENT":"ELEMENT-1"}]}\nRESULT: undefined\nCOMMAND: findElement - {"using":"css selector","value":"#L2AGLb"}\nRESULT: undefined\nCOMMAND: elementClick - {"elementId":"ELEMENT-2"}\nRESULT: undefined		passed	\N	37
100	chrome.93_0_4577_63.darwin.Google website	should have search field	0.266	COMMAND: findElement - {"using":"css selector","value":"title"}\nCOMMAND: navigateTo - {"url":"https://www.google.com/"}\nRESULT: undefined\nRESULT: undefined\nCOMMAND: findElement - {"using":"css selector","value":"#L2AGLb"}\nRESULT: undefined\nCOMMAND: findElement - {"using":"css selector","value":"#L2AGLb"}\nRESULT: undefined		passed	\N	37
101	chrome.93_0_4577_63.darwin.Google website	should find GoodData website	2.056	COMMAND: findElement - {"using":"css selector","value":"form[role=search] input"}\nCOMMAND: navigateTo - {"url":"https://www.google.com/"}\nRESULT: undefined\nRESULT: undefined\nCOMMAND: findElement - {"using":"css selector","value":"#L2AGLb"}\nRESULT: undefined\nCOMMAND: findElement - {"using":"css selector","value":"#L2AGLb"}\nRESULT: undefined\nCOMMAND: findElement - {"using":"css selector","value":"form[role=search] input"}\nRESULT: undefined\nCOMMAND: elementClear - {"elementId":"ELEMENT-5"}\nCOMMAND: findElements - {"using":"css selector","value":"form[role=search] input"}\nCOMMAND: getElementText - {"elementId":"ELEMENT-3"}\nCOMMAND: findElement - {"using":"css selector","value":"title"}\nRESULT: undefined\nRESULT: undefined\nRESULT: undefined\nCOMMAND: getElementText - {"elementId":"ELEMENT-3"}\nCOMMAND: elementSendKeys - {"elementId":"ELEMENT-5","text":"GoodData"}\nCOMMAND: findElement - {"using":"css selector","value":"title"}\nRESULT: undefined\nCOMMAND: getElementText - {"elementId":"ELEMENT-15"}\nRESULT: undefined\nRESULT: undefined\nCOMMAND: performActions - {"actions":[{"type":"key","id":"keyboard","actions":[{"type":"keyDown","value":"Enter"},{"type":"keyUp","value":"Enter"}]}]}\nRESULT: undefined\nCOMMAND: releaseActions - {}\nRESULT: undefined\nCOMMAND: findElement - {"using":"css selector","value":"#rso"}\nCOMMAND: deleteSession - {}\nRESULT: undefined		passed	\N	37
102	chrome.93_0_4577_63.darwin.New test suite	should pass	0.002			passed	\N	38
103	chrome.93_0_4577_63.darwin.New test suite	should fail	0.002	COMMAND: deleteSession - {}\nRESULT: undefined	Error: [2mexpect([22m[31mreceived[39m[2m).[22mtoEqual[2m([22m[32mexpected[39m[2m) // deep equality[22m Expected: [32mfalse[39m\nReceived: [31mtrue[39m at Context.<anonymous> (/Users/andy/code/qa/packages/test-cases/test/specs/newSuite.e2e.js:7:22) at Context.executeAsync (/Users/andy/code/qa/node_modules/@wdio/utils/build/shim.js:285:25) at Context.testFrameworkFnWrapper (/Users/andy/code/qa/node_modules/@wdio/utils/build/test-framework/testFnWrapper.js:45:32)	failed	\nexpect(received).toEqual(expected) // deep equality\n\nExpected: false\nReceived: true	38
104	chrome.93_0_4577_63.darwin.GoodData website	should have a correct title	1.463	COMMAND: navigateTo - {"url":"https://gooddata.com/"}\nRESULT: undefined\nCOMMAND: findElement - {"using":"css selector","value":"title"}\nRESULT: undefined\nCOMMAND: getElementText - {"elementId":"ELEMENT-1"}\nRESULT: undefined		passed	\N	39
105	chrome.93_0_4577_63.darwin.GoodData website	should include Get a demo button	0.932	COMMAND: navigateTo - {"url":"https://gooddata.com/"}\nRESULT: undefined\nCOMMAND: findElement - {"using":"css selector","value":"#main-menu-request-a-demo"}\nRESULT: undefined\nCOMMAND: getElementText - {"elementId":"ELEMENT-2"}\nRESULT: undefined		passed	\N	39
106	chrome.93_0_4577_63.darwin.GoodData website	should include a webinar banner	0.909	COMMAND: navigateTo - {"url":"https://gooddata.com/"}\nRESULT: undefined\nCOMMAND: findElement - {"using":"css selector","value":".c-banner-promo"}\nRESULT: undefined\nCOMMAND: findElements - {"using":"css selector","value":".c-banner-promo"}\nRESULT: undefined\nCOMMAND: deleteSession - {}\nRESULT: undefined		passed	\N	39
107	chrome.93_0_4577_63.darwin.GoodData website	should have a correct title	1.463	COMMAND: navigateTo - {"url":"https://gooddata.com/"}\nRESULT: undefined\nCOMMAND: findElement - {"using":"css selector","value":"title"}\nRESULT: undefined\nCOMMAND: getElementText - {"elementId":"ELEMENT-1"}\nRESULT: undefined		passed	\N	40
108	chrome.93_0_4577_63.darwin.GoodData website	should include Get a demo button	0.932	COMMAND: navigateTo - {"url":"https://gooddata.com/"}\nRESULT: undefined\nCOMMAND: findElement - {"using":"css selector","value":"#main-menu-request-a-demo"}\nRESULT: undefined\nCOMMAND: getElementText - {"elementId":"ELEMENT-2"}\nRESULT: undefined		passed	\N	40
109	chrome.93_0_4577_63.darwin.GoodData website	should include a webinar banner	0.909	COMMAND: navigateTo - {"url":"https://gooddata.com/"}\nRESULT: undefined\nCOMMAND: findElement - {"using":"css selector","value":".c-banner-promo"}\nRESULT: undefined\nCOMMAND: findElements - {"using":"css selector","value":".c-banner-promo"}\nRESULT: undefined\nCOMMAND: deleteSession - {}\nRESULT: undefined		passed	\N	40
110	chrome.93_0_4577_63.darwin.New test suite	should pass	0.002			passed	\N	41
111	chrome.93_0_4577_63.darwin.New test suite	should fail	0.002	COMMAND: deleteSession - {}\nRESULT: undefined	Error: [2mexpect([22m[31mreceived[39m[2m).[22mtoEqual[2m([22m[32mexpected[39m[2m) // deep equality[22m Expected: [32mfalse[39m\nReceived: [31mtrue[39m at Context.<anonymous> (/Users/andy/code/qa/packages/test-cases/test/specs/newSuite.e2e.js:7:22) at Context.executeAsync (/Users/andy/code/qa/node_modules/@wdio/utils/build/shim.js:285:25) at Context.testFrameworkFnWrapper (/Users/andy/code/qa/node_modules/@wdio/utils/build/test-framework/testFnWrapper.js:45:32)	failed	\nexpect(received).toEqual(expected) // deep equality\n\nExpected: false\nReceived: true	41
122	chrome.93_0_4577_63.darwin.New test suite	should fail	0.002	COMMAND: deleteSession - {}\nRESULT: undefined	Error: [2mexpect([22m[31mreceived[39m[2m).[22mtoEqual[2m([22m[32mexpected[39m[2m) // deep equality[22m Expected: [32mfalse[39m\nReceived: [31mtrue[39m at Context.<anonymous> (/Users/andy/code/qa/packages/test-cases/test/specs/newSuite.e2e.js:7:22) at Context.executeAsync (/Users/andy/code/qa/node_modules/@wdio/utils/build/shim.js:285:25) at Context.testFrameworkFnWrapper (/Users/andy/code/qa/node_modules/@wdio/utils/build/test-framework/testFnWrapper.js:45:32)	failed	\nexpect(received).toEqual(expected) // deep equality\n\nExpected: false\nReceived: true	45
112	chrome.93_0_4577_63.darwin.Google website	should have a correct title	0.542	COMMAND: navigateTo - {"url":"https://www.google.com/"}\nRESULT: undefined\nCOMMAND: findElement - {"using":"css selector","value":"#L2AGLb"}\nRESULT: undefined\nCOMMAND: executeScript - {"script":"return (function isElementDisplayed(element) {\\n function nodeIsElement(node) {\\n if (!node) {\\n return false;\\n }\\n switch (node.nodeType) {\\n case Node.ELEMEN ... (7762 more bytes)","args":[{"element-6066-11e4-a52e-4f735466cecf":"ELEMENT-1","ELEMENT":"ELEMENT-1"}]}\nRESULT: undefined\nCOMMAND: executeScript - {"script":"return (function isElementClickable(elem) {\\n if (!elem.getBoundingClientRect || !elem.scrollIntoView || !elem.contains || !elem.getClientRects || !document.elementFromPoint) {\\n return false; ... (5149 more bytes)","args":[{"element-6066-11e4-a52e-4f735466cecf":"ELEMENT-1","ELEMENT":"ELEMENT-1"}]}\nRESULT: undefined\nCOMMAND: findElement - {"using":"css selector","value":"#L2AGLb"}\nRESULT: undefined\nCOMMAND: elementClick - {"elementId":"ELEMENT-2"}\nRESULT: undefined		passed	\N	42
113	chrome.93_0_4577_63.darwin.Google website	should have search field	0.266	COMMAND: findElement - {"using":"css selector","value":"title"}\nCOMMAND: navigateTo - {"url":"https://www.google.com/"}\nRESULT: undefined\nRESULT: undefined\nCOMMAND: findElement - {"using":"css selector","value":"#L2AGLb"}\nRESULT: undefined\nCOMMAND: findElement - {"using":"css selector","value":"#L2AGLb"}\nRESULT: undefined		passed	\N	42
114	chrome.93_0_4577_63.darwin.Google website	should find GoodData website	2.056	COMMAND: findElement - {"using":"css selector","value":"form[role=search] input"}\nCOMMAND: navigateTo - {"url":"https://www.google.com/"}\nRESULT: undefined\nRESULT: undefined\nCOMMAND: findElement - {"using":"css selector","value":"#L2AGLb"}\nRESULT: undefined\nCOMMAND: findElement - {"using":"css selector","value":"#L2AGLb"}\nRESULT: undefined\nCOMMAND: findElement - {"using":"css selector","value":"form[role=search] input"}\nRESULT: undefined\nCOMMAND: elementClear - {"elementId":"ELEMENT-5"}\nCOMMAND: findElements - {"using":"css selector","value":"form[role=search] input"}\nCOMMAND: getElementText - {"elementId":"ELEMENT-3"}\nCOMMAND: findElement - {"using":"css selector","value":"title"}\nRESULT: undefined\nRESULT: undefined\nRESULT: undefined\nCOMMAND: getElementText - {"elementId":"ELEMENT-3"}\nCOMMAND: elementSendKeys - {"elementId":"ELEMENT-5","text":"GoodData"}\nCOMMAND: findElement - {"using":"css selector","value":"title"}\nRESULT: undefined\nCOMMAND: getElementText - {"elementId":"ELEMENT-15"}\nRESULT: undefined\nRESULT: undefined\nCOMMAND: performActions - {"actions":[{"type":"key","id":"keyboard","actions":[{"type":"keyDown","value":"Enter"},{"type":"keyUp","value":"Enter"}]}]}\nRESULT: undefined\nCOMMAND: releaseActions - {}\nRESULT: undefined\nCOMMAND: findElement - {"using":"css selector","value":"#rso"}\nCOMMAND: deleteSession - {}\nRESULT: undefined		passed	\N	42
115	chrome.93_0_4577_63.darwin.GoodData website	should have a correct title	1.463	COMMAND: navigateTo - {"url":"https://gooddata.com/"}\nRESULT: undefined\nCOMMAND: findElement - {"using":"css selector","value":"title"}\nRESULT: undefined\nCOMMAND: getElementText - {"elementId":"ELEMENT-1"}\nRESULT: undefined		passed	\N	43
116	chrome.93_0_4577_63.darwin.GoodData website	should include Get a demo button	0.932	COMMAND: navigateTo - {"url":"https://gooddata.com/"}\nRESULT: undefined\nCOMMAND: findElement - {"using":"css selector","value":"#main-menu-request-a-demo"}\nRESULT: undefined\nCOMMAND: getElementText - {"elementId":"ELEMENT-2"}\nRESULT: undefined		passed	\N	43
117	chrome.93_0_4577_63.darwin.GoodData website	should include a webinar banner	0.909	COMMAND: navigateTo - {"url":"https://gooddata.com/"}\nRESULT: undefined\nCOMMAND: findElement - {"using":"css selector","value":".c-banner-promo"}\nRESULT: undefined\nCOMMAND: findElements - {"using":"css selector","value":".c-banner-promo"}\nRESULT: undefined\nCOMMAND: deleteSession - {}\nRESULT: undefined		passed	\N	43
118	chrome.93_0_4577_63.darwin.Google website	should have a correct title	0.542	COMMAND: navigateTo - {"url":"https://www.google.com/"}\nRESULT: undefined\nCOMMAND: findElement - {"using":"css selector","value":"#L2AGLb"}\nRESULT: undefined\nCOMMAND: executeScript - {"script":"return (function isElementDisplayed(element) {\\n function nodeIsElement(node) {\\n if (!node) {\\n return false;\\n }\\n switch (node.nodeType) {\\n case Node.ELEMEN ... (7762 more bytes)","args":[{"element-6066-11e4-a52e-4f735466cecf":"ELEMENT-1","ELEMENT":"ELEMENT-1"}]}\nRESULT: undefined\nCOMMAND: executeScript - {"script":"return (function isElementClickable(elem) {\\n if (!elem.getBoundingClientRect || !elem.scrollIntoView || !elem.contains || !elem.getClientRects || !document.elementFromPoint) {\\n return false; ... (5149 more bytes)","args":[{"element-6066-11e4-a52e-4f735466cecf":"ELEMENT-1","ELEMENT":"ELEMENT-1"}]}\nRESULT: undefined\nCOMMAND: findElement - {"using":"css selector","value":"#L2AGLb"}\nRESULT: undefined\nCOMMAND: elementClick - {"elementId":"ELEMENT-2"}\nRESULT: undefined		passed	\N	44
119	chrome.93_0_4577_63.darwin.Google website	should have search field	0.266	COMMAND: findElement - {"using":"css selector","value":"title"}\nCOMMAND: navigateTo - {"url":"https://www.google.com/"}\nRESULT: undefined\nRESULT: undefined\nCOMMAND: findElement - {"using":"css selector","value":"#L2AGLb"}\nRESULT: undefined\nCOMMAND: findElement - {"using":"css selector","value":"#L2AGLb"}\nRESULT: undefined		passed	\N	44
120	chrome.93_0_4577_63.darwin.Google website	should find GoodData website	2.056	COMMAND: findElement - {"using":"css selector","value":"form[role=search] input"}\nCOMMAND: navigateTo - {"url":"https://www.google.com/"}\nRESULT: undefined\nRESULT: undefined\nCOMMAND: findElement - {"using":"css selector","value":"#L2AGLb"}\nRESULT: undefined\nCOMMAND: findElement - {"using":"css selector","value":"#L2AGLb"}\nRESULT: undefined\nCOMMAND: findElement - {"using":"css selector","value":"form[role=search] input"}\nRESULT: undefined\nCOMMAND: elementClear - {"elementId":"ELEMENT-5"}\nCOMMAND: findElements - {"using":"css selector","value":"form[role=search] input"}\nCOMMAND: getElementText - {"elementId":"ELEMENT-3"}\nCOMMAND: findElement - {"using":"css selector","value":"title"}\nRESULT: undefined\nRESULT: undefined\nRESULT: undefined\nCOMMAND: getElementText - {"elementId":"ELEMENT-3"}\nCOMMAND: elementSendKeys - {"elementId":"ELEMENT-5","text":"GoodData"}\nCOMMAND: findElement - {"using":"css selector","value":"title"}\nRESULT: undefined\nCOMMAND: getElementText - {"elementId":"ELEMENT-15"}\nRESULT: undefined\nRESULT: undefined\nCOMMAND: performActions - {"actions":[{"type":"key","id":"keyboard","actions":[{"type":"keyDown","value":"Enter"},{"type":"keyUp","value":"Enter"}]}]}\nRESULT: undefined\nCOMMAND: releaseActions - {}\nRESULT: undefined\nCOMMAND: findElement - {"using":"css selector","value":"#rso"}\nCOMMAND: deleteSession - {}\nRESULT: undefined		passed	\N	44
121	chrome.93_0_4577_63.darwin.New test suite	should pass	0.002			passed	\N	45
123	chrome.93_0_4577_63.darwin.Google website	should have a correct title	0.542	COMMAND: navigateTo - {"url":"https://www.google.com/"}\nRESULT: undefined\nCOMMAND: findElement - {"using":"css selector","value":"#L2AGLb"}\nRESULT: undefined\nCOMMAND: executeScript - {"script":"return (function isElementDisplayed(element) {\\n function nodeIsElement(node) {\\n if (!node) {\\n return false;\\n }\\n switch (node.nodeType) {\\n case Node.ELEMEN ... (7762 more bytes)","args":[{"element-6066-11e4-a52e-4f735466cecf":"ELEMENT-1","ELEMENT":"ELEMENT-1"}]}\nRESULT: undefined\nCOMMAND: executeScript - {"script":"return (function isElementClickable(elem) {\\n if (!elem.getBoundingClientRect || !elem.scrollIntoView || !elem.contains || !elem.getClientRects || !document.elementFromPoint) {\\n return false; ... (5149 more bytes)","args":[{"element-6066-11e4-a52e-4f735466cecf":"ELEMENT-1","ELEMENT":"ELEMENT-1"}]}\nRESULT: undefined\nCOMMAND: findElement - {"using":"css selector","value":"#L2AGLb"}\nRESULT: undefined\nCOMMAND: elementClick - {"elementId":"ELEMENT-2"}\nRESULT: undefined		passed	\N	46
124	chrome.93_0_4577_63.darwin.Google website	should have search field	0.266	COMMAND: findElement - {"using":"css selector","value":"title"}\nCOMMAND: navigateTo - {"url":"https://www.google.com/"}\nRESULT: undefined\nRESULT: undefined\nCOMMAND: findElement - {"using":"css selector","value":"#L2AGLb"}\nRESULT: undefined\nCOMMAND: findElement - {"using":"css selector","value":"#L2AGLb"}\nRESULT: undefined		passed	\N	46
125	chrome.93_0_4577_63.darwin.Google website	should find GoodData website	2.056	COMMAND: findElement - {"using":"css selector","value":"form[role=search] input"}\nCOMMAND: navigateTo - {"url":"https://www.google.com/"}\nRESULT: undefined\nRESULT: undefined\nCOMMAND: findElement - {"using":"css selector","value":"#L2AGLb"}\nRESULT: undefined\nCOMMAND: findElement - {"using":"css selector","value":"#L2AGLb"}\nRESULT: undefined\nCOMMAND: findElement - {"using":"css selector","value":"form[role=search] input"}\nRESULT: undefined\nCOMMAND: elementClear - {"elementId":"ELEMENT-5"}\nCOMMAND: findElements - {"using":"css selector","value":"form[role=search] input"}\nCOMMAND: getElementText - {"elementId":"ELEMENT-3"}\nCOMMAND: findElement - {"using":"css selector","value":"title"}\nRESULT: undefined\nRESULT: undefined\nRESULT: undefined\nCOMMAND: getElementText - {"elementId":"ELEMENT-3"}\nCOMMAND: elementSendKeys - {"elementId":"ELEMENT-5","text":"GoodData"}\nCOMMAND: findElement - {"using":"css selector","value":"title"}\nRESULT: undefined\nCOMMAND: getElementText - {"elementId":"ELEMENT-15"}\nRESULT: undefined\nRESULT: undefined\nCOMMAND: performActions - {"actions":[{"type":"key","id":"keyboard","actions":[{"type":"keyDown","value":"Enter"},{"type":"keyUp","value":"Enter"}]}]}\nRESULT: undefined\nCOMMAND: releaseActions - {}\nRESULT: undefined\nCOMMAND: findElement - {"using":"css selector","value":"#rso"}\nCOMMAND: deleteSession - {}\nRESULT: undefined		passed	\N	46
126	chrome.93_0_4577_63.darwin.GoodData website	should have a correct title	1.463	COMMAND: navigateTo - {"url":"https://gooddata.com/"}\nRESULT: undefined\nCOMMAND: findElement - {"using":"css selector","value":"title"}\nRESULT: undefined\nCOMMAND: getElementText - {"elementId":"ELEMENT-1"}\nRESULT: undefined		passed	\N	47
127	chrome.93_0_4577_63.darwin.GoodData website	should include Get a demo button	0.932	COMMAND: navigateTo - {"url":"https://gooddata.com/"}\nRESULT: undefined\nCOMMAND: findElement - {"using":"css selector","value":"#main-menu-request-a-demo"}\nRESULT: undefined\nCOMMAND: getElementText - {"elementId":"ELEMENT-2"}\nRESULT: undefined		passed	\N	47
128	chrome.93_0_4577_63.darwin.GoodData website	should include a webinar banner	0.909	COMMAND: navigateTo - {"url":"https://gooddata.com/"}\nRESULT: undefined\nCOMMAND: findElement - {"using":"css selector","value":".c-banner-promo"}\nRESULT: undefined\nCOMMAND: findElements - {"using":"css selector","value":".c-banner-promo"}\nRESULT: undefined\nCOMMAND: deleteSession - {}\nRESULT: undefined		passed	\N	47
129	chrome.93_0_4577_63.darwin.New test suite	should pass	0.002			passed	\N	48
130	chrome.93_0_4577_63.darwin.New test suite	should fail	0.002	COMMAND: deleteSession - {}\nRESULT: undefined	Error: [2mexpect([22m[31mreceived[39m[2m).[22mtoEqual[2m([22m[32mexpected[39m[2m) // deep equality[22m Expected: [32mfalse[39m\nReceived: [31mtrue[39m at Context.<anonymous> (/Users/andy/code/qa/packages/test-cases/test/specs/newSuite.e2e.js:7:22) at Context.executeAsync (/Users/andy/code/qa/node_modules/@wdio/utils/build/shim.js:285:25) at Context.testFrameworkFnWrapper (/Users/andy/code/qa/node_modules/@wdio/utils/build/test-framework/testFnWrapper.js:45:32)	failed	\nexpect(received).toEqual(expected) // deep equality\n\nExpected: false\nReceived: true	48
131	chrome.93_0_4577_63.darwin.GoodData website	should have a correct title	1.463	COMMAND: navigateTo - {"url":"https://gooddata.com/"}\nRESULT: undefined\nCOMMAND: findElement - {"using":"css selector","value":"title"}\nRESULT: undefined\nCOMMAND: getElementText - {"elementId":"ELEMENT-1"}\nRESULT: undefined		passed	\N	49
132	chrome.93_0_4577_63.darwin.GoodData website	should include Get a demo button	0.932	COMMAND: navigateTo - {"url":"https://gooddata.com/"}\nRESULT: undefined\nCOMMAND: findElement - {"using":"css selector","value":"#main-menu-request-a-demo"}\nRESULT: undefined\nCOMMAND: getElementText - {"elementId":"ELEMENT-2"}\nRESULT: undefined		passed	\N	49
133	chrome.93_0_4577_63.darwin.GoodData website	should include a webinar banner	0.909	COMMAND: navigateTo - {"url":"https://gooddata.com/"}\nRESULT: undefined\nCOMMAND: findElement - {"using":"css selector","value":".c-banner-promo"}\nRESULT: undefined\nCOMMAND: findElements - {"using":"css selector","value":".c-banner-promo"}\nRESULT: undefined\nCOMMAND: deleteSession - {}\nRESULT: undefined		passed	\N	49
134	chrome.93_0_4577_63.darwin.New test suite	should pass	0.002			passed	\N	50
135	chrome.93_0_4577_63.darwin.New test suite	should fail	0.002	COMMAND: deleteSession - {}\nRESULT: undefined	Error: [2mexpect([22m[31mreceived[39m[2m).[22mtoEqual[2m([22m[32mexpected[39m[2m) // deep equality[22m Expected: [32mfalse[39m\nReceived: [31mtrue[39m at Context.<anonymous> (/Users/andy/code/qa/packages/test-cases/test/specs/newSuite.e2e.js:7:22) at Context.executeAsync (/Users/andy/code/qa/node_modules/@wdio/utils/build/shim.js:285:25) at Context.testFrameworkFnWrapper (/Users/andy/code/qa/node_modules/@wdio/utils/build/test-framework/testFnWrapper.js:45:32)	failed	\nexpect(received).toEqual(expected) // deep equality\n\nExpected: false\nReceived: true	50
156	chrome.93_0_4577_63.darwin.GoodData website	should include Get a demo button	0.816	COMMAND: navigateTo - {"url":"https://gooddata.com/"}\nRESULT: undefined	Error: [2mexpect([22m[31mreceived[39m[2m).[22mtoEqual[2m([22m[32mexpected[39m[2m) // deep equality[22m Expected: [32mfalse[39m\nReceived: [31mtrue[39m at Context.<anonymous> (/Users/andy/code/qa/packages/test-cases/test/specs/gooddata.e2e.js:11:28) at processTicksAndRejections (node:internal/process/task_queues:96:5) at async Context.executeAsync (/Users/andy/code/qa/node_modules/@wdio/utils/build/shim.js:285:16) at async Context.testFrameworkFnWrapper (/Users/andy/code/qa/node_modules/@wdio/utils/build/test-framework/testFnWrapper.js:52:18)	failed	\nexpect(received).toEqual(expected) // deep equality\n\nExpected: false\nReceived: true	58
136	chrome.93_0_4577_63.darwin.Google website	should have a correct title	0.542	COMMAND: navigateTo - {"url":"https://www.google.com/"}\nRESULT: undefined\nCOMMAND: findElement - {"using":"css selector","value":"#L2AGLb"}\nRESULT: undefined\nCOMMAND: executeScript - {"script":"return (function isElementDisplayed(element) {\\n function nodeIsElement(node) {\\n if (!node) {\\n return false;\\n }\\n switch (node.nodeType) {\\n case Node.ELEMEN ... (7762 more bytes)","args":[{"element-6066-11e4-a52e-4f735466cecf":"ELEMENT-1","ELEMENT":"ELEMENT-1"}]}\nRESULT: undefined\nCOMMAND: executeScript - {"script":"return (function isElementClickable(elem) {\\n if (!elem.getBoundingClientRect || !elem.scrollIntoView || !elem.contains || !elem.getClientRects || !document.elementFromPoint) {\\n return false; ... (5149 more bytes)","args":[{"element-6066-11e4-a52e-4f735466cecf":"ELEMENT-1","ELEMENT":"ELEMENT-1"}]}\nRESULT: undefined\nCOMMAND: findElement - {"using":"css selector","value":"#L2AGLb"}\nRESULT: undefined\nCOMMAND: elementClick - {"elementId":"ELEMENT-2"}\nRESULT: undefined		passed	\N	51
137	chrome.93_0_4577_63.darwin.Google website	should have search field	0.266	COMMAND: findElement - {"using":"css selector","value":"title"}\nCOMMAND: navigateTo - {"url":"https://www.google.com/"}\nRESULT: undefined\nRESULT: undefined\nCOMMAND: findElement - {"using":"css selector","value":"#L2AGLb"}\nRESULT: undefined\nCOMMAND: findElement - {"using":"css selector","value":"#L2AGLb"}\nRESULT: undefined		passed	\N	51
138	chrome.93_0_4577_63.darwin.Google website	should find GoodData website	2.056	COMMAND: findElement - {"using":"css selector","value":"form[role=search] input"}\nCOMMAND: navigateTo - {"url":"https://www.google.com/"}\nRESULT: undefined\nRESULT: undefined\nCOMMAND: findElement - {"using":"css selector","value":"#L2AGLb"}\nRESULT: undefined\nCOMMAND: findElement - {"using":"css selector","value":"#L2AGLb"}\nRESULT: undefined\nCOMMAND: findElement - {"using":"css selector","value":"form[role=search] input"}\nRESULT: undefined\nCOMMAND: elementClear - {"elementId":"ELEMENT-5"}\nCOMMAND: findElements - {"using":"css selector","value":"form[role=search] input"}\nCOMMAND: getElementText - {"elementId":"ELEMENT-3"}\nCOMMAND: findElement - {"using":"css selector","value":"title"}\nRESULT: undefined\nRESULT: undefined\nRESULT: undefined\nCOMMAND: getElementText - {"elementId":"ELEMENT-3"}\nCOMMAND: elementSendKeys - {"elementId":"ELEMENT-5","text":"GoodData"}\nCOMMAND: findElement - {"using":"css selector","value":"title"}\nRESULT: undefined\nCOMMAND: getElementText - {"elementId":"ELEMENT-15"}\nRESULT: undefined\nRESULT: undefined\nCOMMAND: performActions - {"actions":[{"type":"key","id":"keyboard","actions":[{"type":"keyDown","value":"Enter"},{"type":"keyUp","value":"Enter"}]}]}\nRESULT: undefined\nCOMMAND: releaseActions - {}\nRESULT: undefined\nCOMMAND: findElement - {"using":"css selector","value":"#rso"}\nCOMMAND: deleteSession - {}\nRESULT: undefined		passed	\N	51
139	chrome.93_0_4577_63.darwin.GoodData website	should have a correct title	1.463	COMMAND: navigateTo - {"url":"https://gooddata.com/"}\nRESULT: undefined\nCOMMAND: findElement - {"using":"css selector","value":"title"}\nRESULT: undefined\nCOMMAND: getElementText - {"elementId":"ELEMENT-1"}\nRESULT: undefined		passed	\N	52
140	chrome.93_0_4577_63.darwin.GoodData website	should include Get a demo button	0.932	COMMAND: navigateTo - {"url":"https://gooddata.com/"}\nRESULT: undefined\nCOMMAND: findElement - {"using":"css selector","value":"#main-menu-request-a-demo"}\nRESULT: undefined\nCOMMAND: getElementText - {"elementId":"ELEMENT-2"}\nRESULT: undefined		passed	\N	52
141	chrome.93_0_4577_63.darwin.GoodData website	should include a webinar banner	0.909	COMMAND: navigateTo - {"url":"https://gooddata.com/"}\nRESULT: undefined\nCOMMAND: findElement - {"using":"css selector","value":".c-banner-promo"}\nRESULT: undefined\nCOMMAND: findElements - {"using":"css selector","value":".c-banner-promo"}\nRESULT: undefined\nCOMMAND: deleteSession - {}\nRESULT: undefined		passed	\N	52
142	chrome.93_0_4577_63.darwin.New test suite	should pass	0.002			passed	\N	53
143	chrome.93_0_4577_63.darwin.New test suite	should fail	0.002	COMMAND: deleteSession - {}\nRESULT: undefined	Error: [2mexpect([22m[31mreceived[39m[2m).[22mtoEqual[2m([22m[32mexpected[39m[2m) // deep equality[22m Expected: [32mfalse[39m\nReceived: [31mtrue[39m at Context.<anonymous> (/Users/andy/code/qa/packages/test-cases/test/specs/newSuite.e2e.js:7:22) at Context.executeAsync (/Users/andy/code/qa/node_modules/@wdio/utils/build/shim.js:285:25) at Context.testFrameworkFnWrapper (/Users/andy/code/qa/node_modules/@wdio/utils/build/test-framework/testFnWrapper.js:45:32)	failed	\nexpect(received).toEqual(expected) // deep equality\n\nExpected: false\nReceived: true	53
144	chrome.93_0_4577_63.darwin.Google website	should have a correct title	0.542	COMMAND: navigateTo - {"url":"https://www.google.com/"}\nRESULT: undefined\nCOMMAND: findElement - {"using":"css selector","value":"#L2AGLb"}\nRESULT: undefined\nCOMMAND: executeScript - {"script":"return (function isElementDisplayed(element) {\\n function nodeIsElement(node) {\\n if (!node) {\\n return false;\\n }\\n switch (node.nodeType) {\\n case Node.ELEMEN ... (7762 more bytes)","args":[{"element-6066-11e4-a52e-4f735466cecf":"ELEMENT-1","ELEMENT":"ELEMENT-1"}]}\nRESULT: undefined\nCOMMAND: executeScript - {"script":"return (function isElementClickable(elem) {\\n if (!elem.getBoundingClientRect || !elem.scrollIntoView || !elem.contains || !elem.getClientRects || !document.elementFromPoint) {\\n return false; ... (5149 more bytes)","args":[{"element-6066-11e4-a52e-4f735466cecf":"ELEMENT-1","ELEMENT":"ELEMENT-1"}]}\nRESULT: undefined\nCOMMAND: findElement - {"using":"css selector","value":"#L2AGLb"}\nRESULT: undefined\nCOMMAND: elementClick - {"elementId":"ELEMENT-2"}\nRESULT: undefined		passed	\N	54
145	chrome.93_0_4577_63.darwin.Google website	should have search field	0.266	COMMAND: findElement - {"using":"css selector","value":"title"}\nCOMMAND: navigateTo - {"url":"https://www.google.com/"}\nRESULT: undefined\nRESULT: undefined\nCOMMAND: findElement - {"using":"css selector","value":"#L2AGLb"}\nRESULT: undefined\nCOMMAND: findElement - {"using":"css selector","value":"#L2AGLb"}\nRESULT: undefined		passed	\N	54
157	chrome.93_0_4577_63.darwin.GoodData website	should include a webinar banner	0.981	COMMAND: navigateTo - {"url":"https://gooddata.com/"}\nRESULT: undefined\nCOMMAND: findElement - {"using":"css selector","value":".c-banner-promo"}\nRESULT: undefined\nCOMMAND: findElements - {"using":"css selector","value":".c-banner-promo"}\nRESULT: undefined\nCOMMAND: deleteSession - {}\nRESULT: undefined		passed	\N	58
183	chrome.93_0_4577_63.darwin.New test suite	should fail	0.002	COMMAND: deleteSession - {}\nRESULT: undefined	Error: [2mexpect([22m[31mreceived[39m[2m).[22mtoEqual[2m([22m[32mexpected[39m[2m) // deep equality[22m Expected: [32mfalse[39m\nReceived: [31mtrue[39m at Context.<anonymous> (/Users/andy/code/qa/packages/test-cases/test/specs/newSuite.e2e.js:7:22) at Context.executeAsync (/Users/andy/code/qa/node_modules/@wdio/utils/build/shim.js:285:25) at Context.testFrameworkFnWrapper (/Users/andy/code/qa/node_modules/@wdio/utils/build/test-framework/testFnWrapper.js:45:32)	failed	\nexpect(received).toEqual(expected) // deep equality\n\nExpected: false\nReceived: true	68
146	chrome.93_0_4577_63.darwin.Google website	should find GoodData website	2.056	COMMAND: findElement - {"using":"css selector","value":"form[role=search] input"}\nCOMMAND: navigateTo - {"url":"https://www.google.com/"}\nRESULT: undefined\nRESULT: undefined\nCOMMAND: findElement - {"using":"css selector","value":"#L2AGLb"}\nRESULT: undefined\nCOMMAND: findElement - {"using":"css selector","value":"#L2AGLb"}\nRESULT: undefined\nCOMMAND: findElement - {"using":"css selector","value":"form[role=search] input"}\nRESULT: undefined\nCOMMAND: elementClear - {"elementId":"ELEMENT-5"}\nCOMMAND: findElements - {"using":"css selector","value":"form[role=search] input"}\nCOMMAND: getElementText - {"elementId":"ELEMENT-3"}\nCOMMAND: findElement - {"using":"css selector","value":"title"}\nRESULT: undefined\nRESULT: undefined\nRESULT: undefined\nCOMMAND: getElementText - {"elementId":"ELEMENT-3"}\nCOMMAND: elementSendKeys - {"elementId":"ELEMENT-5","text":"GoodData"}\nCOMMAND: findElement - {"using":"css selector","value":"title"}\nRESULT: undefined\nCOMMAND: getElementText - {"elementId":"ELEMENT-15"}\nRESULT: undefined\nRESULT: undefined\nCOMMAND: performActions - {"actions":[{"type":"key","id":"keyboard","actions":[{"type":"keyDown","value":"Enter"},{"type":"keyUp","value":"Enter"}]}]}\nRESULT: undefined\nCOMMAND: releaseActions - {}\nRESULT: undefined\nCOMMAND: findElement - {"using":"css selector","value":"#rso"}\nCOMMAND: deleteSession - {}\nRESULT: undefined		passed	\N	54
147	chrome.93_0_4577_63.darwin.GoodData website	should have a correct title	2.168	COMMAND: navigateTo - {"url":"https://gooddata.com/"}\nRESULT: undefined\nCOMMAND: findElement - {"using":"css selector","value":"title"}\nRESULT: undefined\nCOMMAND: getElementText - {"elementId":"ELEMENT-1"}\nRESULT: undefined		passed	\N	55
148	chrome.93_0_4577_63.darwin.GoodData website	should include Get a demo button	0.816	COMMAND: navigateTo - {"url":"https://gooddata.com/"}\nRESULT: undefined	Error: [2mexpect([22m[31mreceived[39m[2m).[22mtoEqual[2m([22m[32mexpected[39m[2m) // deep equality[22m Expected: [32mfalse[39m\nReceived: [31mtrue[39m at Context.<anonymous> (/Users/andy/code/qa/packages/test-cases/test/specs/gooddata.e2e.js:11:28) at processTicksAndRejections (node:internal/process/task_queues:96:5) at async Context.executeAsync (/Users/andy/code/qa/node_modules/@wdio/utils/build/shim.js:285:16) at async Context.testFrameworkFnWrapper (/Users/andy/code/qa/node_modules/@wdio/utils/build/test-framework/testFnWrapper.js:52:18)	failed	\nexpect(received).toEqual(expected) // deep equality\n\nExpected: false\nReceived: true	55
149	chrome.93_0_4577_63.darwin.GoodData website	should include a webinar banner	0.981	COMMAND: navigateTo - {"url":"https://gooddata.com/"}\nRESULT: undefined\nCOMMAND: findElement - {"using":"css selector","value":".c-banner-promo"}\nRESULT: undefined\nCOMMAND: findElements - {"using":"css selector","value":".c-banner-promo"}\nRESULT: undefined\nCOMMAND: deleteSession - {}\nRESULT: undefined		passed	\N	55
150	chrome.93_0_4577_63.darwin.Google website	should have a correct title	0.855	COMMAND: navigateTo - {"url":"https://www.google.com/"}\nRESULT: undefined\nCOMMAND: findElement - {"using":"css selector","value":"#L2AGLb"}\nRESULT: undefined\nCOMMAND: executeScript - {"script":"return (function isElementDisplayed(element) {\\n function nodeIsElement(node) {\\n if (!node) {\\n return false;\\n }\\n switch (node.nodeType) {\\n case Node.ELEMEN ... (7762 more bytes)","args":[{"element-6066-11e4-a52e-4f735466cecf":"ELEMENT-1","ELEMENT":"ELEMENT-1"}]}\nRESULT: undefined\nCOMMAND: executeScript - {"script":"return (function isElementClickable(elem) {\\n if (!elem.getBoundingClientRect || !elem.scrollIntoView || !elem.contains || !elem.getClientRects || !document.elementFromPoint) {\\n return false; ... (5149 more bytes)","args":[{"element-6066-11e4-a52e-4f735466cecf":"ELEMENT-1","ELEMENT":"ELEMENT-1"}]}\nRESULT: undefined\nCOMMAND: findElement - {"using":"css selector","value":"#L2AGLb"}\nRESULT: undefined\nCOMMAND: elementClick - {"elementId":"ELEMENT-2"}\nRESULT: undefined		passed	\N	56
151	chrome.93_0_4577_63.darwin.Google website	should have search field	0.278	COMMAND: findElement - {"using":"css selector","value":"title"}\nCOMMAND: navigateTo - {"url":"https://www.google.com/"}\nRESULT: undefined\nRESULT: undefined\nCOMMAND: findElement - {"using":"css selector","value":"#L2AGLb"}\nRESULT: undefined\nCOMMAND: findElement - {"using":"css selector","value":"#L2AGLb"}\nRESULT: undefined		passed	\N	56
152	chrome.93_0_4577_63.darwin.Google website	should find GoodData website	2.063	COMMAND: findElement - {"using":"css selector","value":"form[role=search] input"}\nCOMMAND: navigateTo - {"url":"https://www.google.com/"}\nRESULT: undefined\nRESULT: undefined\nCOMMAND: findElement - {"using":"css selector","value":"#L2AGLb"}\nRESULT: undefined\nCOMMAND: findElement - {"using":"css selector","value":"#L2AGLb"}\nRESULT: undefined\nCOMMAND: findElement - {"using":"css selector","value":"form[role=search] input"}\nRESULT: undefined\nCOMMAND: elementClear - {"elementId":"ELEMENT-5"}\nRESULT: undefined\nCOMMAND: elementSendKeys - {"elementId":"ELEMENT-5","text":"GoodData"}\nCOMMAND: findElements - {"using":"css selector","value":"form[role=search] input"}\nCOMMAND: getElementText - {"elementId":"ELEMENT-3"}\nCOMMAND: findElement - {"using":"css selector","value":"title"}\nRESULT: undefined\nRESULT: undefined\nRESULT: undefined\nCOMMAND: getElementText - {"elementId":"ELEMENT-3"}\nCOMMAND: performActions - {"actions":[{"type":"key","id":"keyboard","actions":[{"type":"keyDown","value":"Enter"},{"type":"keyUp","value":"Enter"}]}]}\nCOMMAND: findElement - {"using":"css selector","value":"title"}\nRESULT: undefined\nRESULT: undefined\nCOMMAND: releaseActions - {}\nRESULT: undefined\nCOMMAND: getElementText - {"elementId":"ELEMENT-15"}\nCOMMAND: findElement - {"using":"css selector","value":"#rso"}\nCOMMAND: findElement - {"using":"css selector","value":"title"}\nCOMMAND: deleteSession - {}\nRESULT: undefined		passed	\N	56
153	chrome.93_0_4577_63.darwin.New test suite	should pass	0.002			passed	\N	57
154	chrome.93_0_4577_63.darwin.New test suite	should fail	0.001	COMMAND: deleteSession - {}\nRESULT: undefined	Error: [2mexpect([22m[31mreceived[39m[2m).[22mtoEqual[2m([22m[32mexpected[39m[2m) // deep equality[22m Expected: [32mfalse[39m\nReceived: [31mtrue[39m at Context.<anonymous> (/Users/andy/code/qa/packages/test-cases/test/specs/newSuite.e2e.js:7:22) at Context.executeAsync (/Users/andy/code/qa/node_modules/@wdio/utils/build/shim.js:285:25) at Context.testFrameworkFnWrapper (/Users/andy/code/qa/node_modules/@wdio/utils/build/test-framework/testFnWrapper.js:45:32)	failed	\nexpect(received).toEqual(expected) // deep equality\n\nExpected: false\nReceived: true	57
155	chrome.93_0_4577_63.darwin.GoodData website	should have a correct title	2.168	COMMAND: navigateTo - {"url":"https://gooddata.com/"}\nRESULT: undefined\nCOMMAND: findElement - {"using":"css selector","value":"title"}\nRESULT: undefined\nCOMMAND: getElementText - {"elementId":"ELEMENT-1"}\nRESULT: undefined		passed	\N	58
182	chrome.93_0_4577_63.darwin.New test suite	should pass	0.001			passed	\N	68
219	chrome.93_0_4577_63.darwin.GoodData website	should have a correct title	1.856	COMMAND: navigateTo - {"url":"https://gooddata.com/"}\nRESULT: undefined\nCOMMAND: findElement - {"using":"css selector","value":"title"}\nRESULT: undefined\nCOMMAND: getElementText - {"elementId":"ELEMENT-1"}\nRESULT: undefined		passed	\N	82
158	chrome.93_0_4577_63.darwin.Google website	should have a correct title	0.855	COMMAND: navigateTo - {"url":"https://www.google.com/"}\nRESULT: undefined\nCOMMAND: findElement - {"using":"css selector","value":"#L2AGLb"}\nRESULT: undefined\nCOMMAND: executeScript - {"script":"return (function isElementDisplayed(element) {\\n function nodeIsElement(node) {\\n if (!node) {\\n return false;\\n }\\n switch (node.nodeType) {\\n case Node.ELEMEN ... (7762 more bytes)","args":[{"element-6066-11e4-a52e-4f735466cecf":"ELEMENT-1","ELEMENT":"ELEMENT-1"}]}\nRESULT: undefined\nCOMMAND: executeScript - {"script":"return (function isElementClickable(elem) {\\n if (!elem.getBoundingClientRect || !elem.scrollIntoView || !elem.contains || !elem.getClientRects || !document.elementFromPoint) {\\n return false; ... (5149 more bytes)","args":[{"element-6066-11e4-a52e-4f735466cecf":"ELEMENT-1","ELEMENT":"ELEMENT-1"}]}\nRESULT: undefined\nCOMMAND: findElement - {"using":"css selector","value":"#L2AGLb"}\nRESULT: undefined\nCOMMAND: elementClick - {"elementId":"ELEMENT-2"}\nRESULT: undefined		passed	\N	59
159	chrome.93_0_4577_63.darwin.Google website	should have search field	0.278	COMMAND: findElement - {"using":"css selector","value":"title"}\nCOMMAND: navigateTo - {"url":"https://www.google.com/"}\nRESULT: undefined\nRESULT: undefined\nCOMMAND: findElement - {"using":"css selector","value":"#L2AGLb"}\nRESULT: undefined\nCOMMAND: findElement - {"using":"css selector","value":"#L2AGLb"}\nRESULT: undefined		passed	\N	59
160	chrome.93_0_4577_63.darwin.Google website	should find GoodData website	2.063	COMMAND: findElement - {"using":"css selector","value":"form[role=search] input"}\nCOMMAND: navigateTo - {"url":"https://www.google.com/"}\nRESULT: undefined\nRESULT: undefined\nCOMMAND: findElement - {"using":"css selector","value":"#L2AGLb"}\nRESULT: undefined\nCOMMAND: findElement - {"using":"css selector","value":"#L2AGLb"}\nRESULT: undefined\nCOMMAND: findElement - {"using":"css selector","value":"form[role=search] input"}\nRESULT: undefined\nCOMMAND: elementClear - {"elementId":"ELEMENT-5"}\nRESULT: undefined\nCOMMAND: elementSendKeys - {"elementId":"ELEMENT-5","text":"GoodData"}\nCOMMAND: findElements - {"using":"css selector","value":"form[role=search] input"}\nCOMMAND: getElementText - {"elementId":"ELEMENT-3"}\nCOMMAND: findElement - {"using":"css selector","value":"title"}\nRESULT: undefined\nRESULT: undefined\nRESULT: undefined\nCOMMAND: getElementText - {"elementId":"ELEMENT-3"}\nCOMMAND: performActions - {"actions":[{"type":"key","id":"keyboard","actions":[{"type":"keyDown","value":"Enter"},{"type":"keyUp","value":"Enter"}]}]}\nCOMMAND: findElement - {"using":"css selector","value":"title"}\nRESULT: undefined\nRESULT: undefined\nCOMMAND: releaseActions - {}\nRESULT: undefined\nCOMMAND: getElementText - {"elementId":"ELEMENT-15"}\nCOMMAND: findElement - {"using":"css selector","value":"#rso"}\nCOMMAND: findElement - {"using":"css selector","value":"title"}\nCOMMAND: deleteSession - {}\nRESULT: undefined		passed	\N	59
161	chrome.93_0_4577_63.darwin.New test suite	should pass	0.002			passed	\N	60
162	chrome.93_0_4577_63.darwin.New test suite	should fail	0.001	COMMAND: deleteSession - {}\nRESULT: undefined	Error: [2mexpect([22m[31mreceived[39m[2m).[22mtoEqual[2m([22m[32mexpected[39m[2m) // deep equality[22m Expected: [32mfalse[39m\nReceived: [31mtrue[39m at Context.<anonymous> (/Users/andy/code/qa/packages/test-cases/test/specs/newSuite.e2e.js:7:22) at Context.executeAsync (/Users/andy/code/qa/node_modules/@wdio/utils/build/shim.js:285:25) at Context.testFrameworkFnWrapper (/Users/andy/code/qa/node_modules/@wdio/utils/build/test-framework/testFnWrapper.js:45:32)	failed	\nexpect(received).toEqual(expected) // deep equality\n\nExpected: false\nReceived: true	60
163	chrome.93_0_4577_63.darwin.GoodData website	should have a correct title	2.168	COMMAND: navigateTo - {"url":"https://gooddata.com/"}\nRESULT: undefined\nCOMMAND: findElement - {"using":"css selector","value":"title"}\nRESULT: undefined\nCOMMAND: getElementText - {"elementId":"ELEMENT-1"}\nRESULT: undefined		passed	\N	61
164	chrome.93_0_4577_63.darwin.GoodData website	should include Get a demo button	0.816	COMMAND: navigateTo - {"url":"https://gooddata.com/"}\nRESULT: undefined	Error: [2mexpect([22m[31mreceived[39m[2m).[22mtoEqual[2m([22m[32mexpected[39m[2m) // deep equality[22m Expected: [32mfalse[39m\nReceived: [31mtrue[39m at Context.<anonymous> (/Users/andy/code/qa/packages/test-cases/test/specs/gooddata.e2e.js:11:28) at processTicksAndRejections (node:internal/process/task_queues:96:5) at async Context.executeAsync (/Users/andy/code/qa/node_modules/@wdio/utils/build/shim.js:285:16) at async Context.testFrameworkFnWrapper (/Users/andy/code/qa/node_modules/@wdio/utils/build/test-framework/testFnWrapper.js:52:18)	failed	\nexpect(received).toEqual(expected) // deep equality\n\nExpected: false\nReceived: true	61
165	chrome.93_0_4577_63.darwin.GoodData website	should include a webinar banner	0.981	COMMAND: navigateTo - {"url":"https://gooddata.com/"}\nRESULT: undefined\nCOMMAND: findElement - {"using":"css selector","value":".c-banner-promo"}\nRESULT: undefined\nCOMMAND: findElements - {"using":"css selector","value":".c-banner-promo"}\nRESULT: undefined\nCOMMAND: deleteSession - {}\nRESULT: undefined		passed	\N	61
166	chrome.93_0_4577_63.darwin.New test suite	should pass	0.002			passed	\N	62
167	chrome.93_0_4577_63.darwin.New test suite	should fail	0.001	COMMAND: deleteSession - {}\nRESULT: undefined	Error: [2mexpect([22m[31mreceived[39m[2m).[22mtoEqual[2m([22m[32mexpected[39m[2m) // deep equality[22m Expected: [32mfalse[39m\nReceived: [31mtrue[39m at Context.<anonymous> (/Users/andy/code/qa/packages/test-cases/test/specs/newSuite.e2e.js:7:22) at Context.executeAsync (/Users/andy/code/qa/node_modules/@wdio/utils/build/shim.js:285:25) at Context.testFrameworkFnWrapper (/Users/andy/code/qa/node_modules/@wdio/utils/build/test-framework/testFnWrapper.js:45:32)	failed	\nexpect(received).toEqual(expected) // deep equality\n\nExpected: false\nReceived: true	62
168	chrome.93_0_4577_63.darwin.Google website	should have a correct title	0.855	COMMAND: navigateTo - {"url":"https://www.google.com/"}\nRESULT: undefined\nCOMMAND: findElement - {"using":"css selector","value":"#L2AGLb"}\nRESULT: undefined\nCOMMAND: executeScript - {"script":"return (function isElementDisplayed(element) {\\n function nodeIsElement(node) {\\n if (!node) {\\n return false;\\n }\\n switch (node.nodeType) {\\n case Node.ELEMEN ... (7762 more bytes)","args":[{"element-6066-11e4-a52e-4f735466cecf":"ELEMENT-1","ELEMENT":"ELEMENT-1"}]}\nRESULT: undefined\nCOMMAND: executeScript - {"script":"return (function isElementClickable(elem) {\\n if (!elem.getBoundingClientRect || !elem.scrollIntoView || !elem.contains || !elem.getClientRects || !document.elementFromPoint) {\\n return false; ... (5149 more bytes)","args":[{"element-6066-11e4-a52e-4f735466cecf":"ELEMENT-1","ELEMENT":"ELEMENT-1"}]}\nRESULT: undefined\nCOMMAND: findElement - {"using":"css selector","value":"#L2AGLb"}\nRESULT: undefined\nCOMMAND: elementClick - {"elementId":"ELEMENT-2"}\nRESULT: undefined		passed	\N	63
169	chrome.93_0_4577_63.darwin.Google website	should have search field	0.278	COMMAND: findElement - {"using":"css selector","value":"title"}\nCOMMAND: navigateTo - {"url":"https://www.google.com/"}\nRESULT: undefined\nRESULT: undefined\nCOMMAND: findElement - {"using":"css selector","value":"#L2AGLb"}\nRESULT: undefined\nCOMMAND: findElement - {"using":"css selector","value":"#L2AGLb"}\nRESULT: undefined		passed	\N	63
170	chrome.93_0_4577_63.darwin.Google website	should find GoodData website	2.063	COMMAND: findElement - {"using":"css selector","value":"form[role=search] input"}\nCOMMAND: navigateTo - {"url":"https://www.google.com/"}\nRESULT: undefined\nRESULT: undefined\nCOMMAND: findElement - {"using":"css selector","value":"#L2AGLb"}\nRESULT: undefined\nCOMMAND: findElement - {"using":"css selector","value":"#L2AGLb"}\nRESULT: undefined\nCOMMAND: findElement - {"using":"css selector","value":"form[role=search] input"}\nRESULT: undefined\nCOMMAND: elementClear - {"elementId":"ELEMENT-5"}\nRESULT: undefined\nCOMMAND: elementSendKeys - {"elementId":"ELEMENT-5","text":"GoodData"}\nCOMMAND: findElements - {"using":"css selector","value":"form[role=search] input"}\nCOMMAND: getElementText - {"elementId":"ELEMENT-3"}\nCOMMAND: findElement - {"using":"css selector","value":"title"}\nRESULT: undefined\nRESULT: undefined\nRESULT: undefined\nCOMMAND: getElementText - {"elementId":"ELEMENT-3"}\nCOMMAND: performActions - {"actions":[{"type":"key","id":"keyboard","actions":[{"type":"keyDown","value":"Enter"},{"type":"keyUp","value":"Enter"}]}]}\nCOMMAND: findElement - {"using":"css selector","value":"title"}\nRESULT: undefined\nRESULT: undefined\nCOMMAND: releaseActions - {}\nRESULT: undefined\nCOMMAND: getElementText - {"elementId":"ELEMENT-15"}\nCOMMAND: findElement - {"using":"css selector","value":"#rso"}\nCOMMAND: findElement - {"using":"css selector","value":"title"}\nCOMMAND: deleteSession - {}\nRESULT: undefined		passed	\N	63
171	chrome.93_0_4577_63.darwin.GoodData website	should have a correct title	2.086	COMMAND: navigateTo - {"url":"https://gooddata.com/"}\nRESULT: undefined\nCOMMAND: findElement - {"using":"css selector","value":"title"}\nRESULT: undefined\nCOMMAND: getElementText - {"elementId":"ELEMENT-1"}\nRESULT: undefined		passed	\N	64
172	chrome.93_0_4577_63.darwin.GoodData website	should include Get a demo button	0.899	COMMAND: navigateTo - {"url":"https://gooddata.com/"}\nRESULT: undefined\nCOMMAND: findElement - {"using":"css selector","value":"#main-menu-request-a-demo"}\nRESULT: undefined\nCOMMAND: getElementText - {"elementId":"ELEMENT-2"}\nRESULT: undefined		passed	\N	64
173	chrome.93_0_4577_63.darwin.GoodData website	should include a webinar banner	0.819	COMMAND: navigateTo - {"url":"https://gooddata.com/"}\nRESULT: undefined\nCOMMAND: findElement - {"using":"css selector","value":".c-banner-promo"}\nRESULT: undefined\nCOMMAND: findElements - {"using":"css selector","value":".c-banner-promo"}\nRESULT: undefined\nCOMMAND: deleteSession - {}\nRESULT: undefined		passed	\N	64
174	chrome.93_0_4577_63.darwin.Google website	should have a correct title	0.618	COMMAND: navigateTo - {"url":"https://www.google.com/"}\nRESULT: undefined\nCOMMAND: findElement - {"using":"css selector","value":"#L2AGLb"}\nRESULT: undefined\nCOMMAND: executeScript - {"script":"return (function isElementDisplayed(element) {\\n function nodeIsElement(node) {\\n if (!node) {\\n return false;\\n }\\n switch (node.nodeType) {\\n case Node.ELEMEN ... (7762 more bytes)","args":[{"element-6066-11e4-a52e-4f735466cecf":"ELEMENT-1","ELEMENT":"ELEMENT-1"}]}\nRESULT: undefined\nCOMMAND: executeScript - {"script":"return (function isElementClickable(elem) {\\n if (!elem.getBoundingClientRect || !elem.scrollIntoView || !elem.contains || !elem.getClientRects || !document.elementFromPoint) {\\n return false; ... (5149 more bytes)","args":[{"element-6066-11e4-a52e-4f735466cecf":"ELEMENT-1","ELEMENT":"ELEMENT-1"}]}\nRESULT: undefined\nCOMMAND: findElement - {"using":"css selector","value":"#L2AGLb"}\nRESULT: undefined\nCOMMAND: elementClick - {"elementId":"ELEMENT-2"}\nRESULT: undefined		passed	\N	65
175	chrome.93_0_4577_63.darwin.Google website	should have search field	0.226	COMMAND: findElement - {"using":"css selector","value":"title"}\nRESULT: undefined\nCOMMAND: navigateTo - {"url":"https://www.google.com/"}\nCOMMAND: getElementText - {"elementId":"ELEMENT-3"}\nRESULT: undefined\nCOMMAND: getElementText - {"elementId":"ELEMENT-3"}\nCOMMAND: findElement - {"using":"css selector","value":"#L2AGLb"}\nCOMMAND: findElement - {"using":"css selector","value":"title"}\nRESULT: undefined\nRESULT: undefined\nCOMMAND: findElement - {"using":"css selector","value":"#L2AGLb"}\nRESULT: undefined\nCOMMAND: getElementText - {"elementId":"ELEMENT-3"}		passed	\N	65
176	chrome.93_0_4577_63.darwin.Google website	should find GoodData website	2.143	COMMAND: findElement - {"using":"css selector","value":"form[role=search] input"}\nCOMMAND: findElement - {"using":"css selector","value":"title"}\nCOMMAND: navigateTo - {"url":"https://www.google.com/"}\nRESULT: undefined\nRESULT: undefined\nRESULT: undefined\nCOMMAND: findElement - {"using":"css selector","value":"#L2AGLb"}\nCOMMAND: getElementText - {"elementId":"ELEMENT-6"}\nCOMMAND: findElements - {"using":"css selector","value":"form[role=search] input"}\nRESULT: undefined\nCOMMAND: findElement - {"using":"css selector","value":"title"}\nRESULT: undefined\nCOMMAND: findElement - {"using":"css selector","value":"#L2AGLb"}\nRESULT: undefined\nRESULT: undefined\nCOMMAND: getElementText - {"elementId":"ELEMENT-6"}\nCOMMAND: findElement - {"using":"css selector","value":"form[role=search] input"}\nRESULT: undefined\nCOMMAND: elementClear - {"elementId":"ELEMENT-16"}\nCOMMAND: getElementText - {"elementId":"ELEMENT-7"}\nRESULT: undefined\nRESULT: undefined\nCOMMAND: elementSendKeys - {"elementId":"ELEMENT-16","text":"GoodData"}\nRESULT: undefined\nCOMMAND: performActions - {"actions":[{"type":"key","id":"keyboard","actions":[{"type":"keyDown","value":"Enter"},{"type":"keyUp","value":"Enter"}]}]}\nRESULT: undefined\nCOMMAND: releaseActions - {}\nRESULT: undefined\nCOMMAND: findElement - {"using":"css selector","value":"#rso"}\nCOMMAND: deleteSession - {}\nRESULT: undefined		passed	\N	65
177	chrome.93_0_4577_63.darwin.New test suite	should pass	0.001			passed	\N	66
178	chrome.93_0_4577_63.darwin.New test suite	should fail	0.002	COMMAND: deleteSession - {}\nRESULT: undefined	Error: [2mexpect([22m[31mreceived[39m[2m).[22mtoEqual[2m([22m[32mexpected[39m[2m) // deep equality[22m Expected: [32mfalse[39m\nReceived: [31mtrue[39m at Context.<anonymous> (/Users/andy/code/qa/packages/test-cases/test/specs/newSuite.e2e.js:7:22) at Context.executeAsync (/Users/andy/code/qa/node_modules/@wdio/utils/build/shim.js:285:25) at Context.testFrameworkFnWrapper (/Users/andy/code/qa/node_modules/@wdio/utils/build/test-framework/testFnWrapper.js:45:32)	failed	\nexpect(received).toEqual(expected) // deep equality\n\nExpected: false\nReceived: true	66
179	chrome.93_0_4577_63.darwin.GoodData website	should have a correct title	2.086	COMMAND: navigateTo - {"url":"https://gooddata.com/"}\nRESULT: undefined\nCOMMAND: findElement - {"using":"css selector","value":"title"}\nRESULT: undefined\nCOMMAND: getElementText - {"elementId":"ELEMENT-1"}\nRESULT: undefined		passed	\N	67
180	chrome.93_0_4577_63.darwin.GoodData website	should include Get a demo button	0.899	COMMAND: navigateTo - {"url":"https://gooddata.com/"}\nRESULT: undefined\nCOMMAND: findElement - {"using":"css selector","value":"#main-menu-request-a-demo"}\nRESULT: undefined\nCOMMAND: getElementText - {"elementId":"ELEMENT-2"}\nRESULT: undefined		passed	\N	67
181	chrome.93_0_4577_63.darwin.GoodData website	should include a webinar banner	0.819	COMMAND: navigateTo - {"url":"https://gooddata.com/"}\nRESULT: undefined\nCOMMAND: findElement - {"using":"css selector","value":".c-banner-promo"}\nRESULT: undefined\nCOMMAND: findElements - {"using":"css selector","value":".c-banner-promo"}\nRESULT: undefined\nCOMMAND: deleteSession - {}\nRESULT: undefined		passed	\N	67
184	chrome.93_0_4577_63.darwin.Google website	should have a correct title	0.618	COMMAND: navigateTo - {"url":"https://www.google.com/"}\nRESULT: undefined\nCOMMAND: findElement - {"using":"css selector","value":"#L2AGLb"}\nRESULT: undefined\nCOMMAND: executeScript - {"script":"return (function isElementDisplayed(element) {\\n function nodeIsElement(node) {\\n if (!node) {\\n return false;\\n }\\n switch (node.nodeType) {\\n case Node.ELEMEN ... (7762 more bytes)","args":[{"element-6066-11e4-a52e-4f735466cecf":"ELEMENT-1","ELEMENT":"ELEMENT-1"}]}\nRESULT: undefined\nCOMMAND: executeScript - {"script":"return (function isElementClickable(elem) {\\n if (!elem.getBoundingClientRect || !elem.scrollIntoView || !elem.contains || !elem.getClientRects || !document.elementFromPoint) {\\n return false; ... (5149 more bytes)","args":[{"element-6066-11e4-a52e-4f735466cecf":"ELEMENT-1","ELEMENT":"ELEMENT-1"}]}\nRESULT: undefined\nCOMMAND: findElement - {"using":"css selector","value":"#L2AGLb"}\nRESULT: undefined\nCOMMAND: elementClick - {"elementId":"ELEMENT-2"}\nRESULT: undefined		passed	\N	69
185	chrome.93_0_4577_63.darwin.Google website	should have search field	0.226	COMMAND: findElement - {"using":"css selector","value":"title"}\nRESULT: undefined\nCOMMAND: navigateTo - {"url":"https://www.google.com/"}\nCOMMAND: getElementText - {"elementId":"ELEMENT-3"}\nRESULT: undefined\nCOMMAND: getElementText - {"elementId":"ELEMENT-3"}\nCOMMAND: findElement - {"using":"css selector","value":"#L2AGLb"}\nCOMMAND: findElement - {"using":"css selector","value":"title"}\nRESULT: undefined\nRESULT: undefined\nCOMMAND: findElement - {"using":"css selector","value":"#L2AGLb"}\nRESULT: undefined\nCOMMAND: getElementText - {"elementId":"ELEMENT-3"}		passed	\N	69
186	chrome.93_0_4577_63.darwin.Google website	should find GoodData website	2.143	COMMAND: findElement - {"using":"css selector","value":"form[role=search] input"}\nCOMMAND: findElement - {"using":"css selector","value":"title"}\nCOMMAND: navigateTo - {"url":"https://www.google.com/"}\nRESULT: undefined\nRESULT: undefined\nRESULT: undefined\nCOMMAND: findElement - {"using":"css selector","value":"#L2AGLb"}\nCOMMAND: getElementText - {"elementId":"ELEMENT-6"}\nCOMMAND: findElements - {"using":"css selector","value":"form[role=search] input"}\nRESULT: undefined\nCOMMAND: findElement - {"using":"css selector","value":"title"}\nRESULT: undefined\nCOMMAND: findElement - {"using":"css selector","value":"#L2AGLb"}\nRESULT: undefined\nRESULT: undefined\nCOMMAND: getElementText - {"elementId":"ELEMENT-6"}\nCOMMAND: findElement - {"using":"css selector","value":"form[role=search] input"}\nRESULT: undefined\nCOMMAND: elementClear - {"elementId":"ELEMENT-16"}\nCOMMAND: getElementText - {"elementId":"ELEMENT-7"}\nRESULT: undefined\nRESULT: undefined\nCOMMAND: elementSendKeys - {"elementId":"ELEMENT-16","text":"GoodData"}\nRESULT: undefined\nCOMMAND: performActions - {"actions":[{"type":"key","id":"keyboard","actions":[{"type":"keyDown","value":"Enter"},{"type":"keyUp","value":"Enter"}]}]}\nRESULT: undefined\nCOMMAND: releaseActions - {}\nRESULT: undefined\nCOMMAND: findElement - {"using":"css selector","value":"#rso"}\nCOMMAND: deleteSession - {}\nRESULT: undefined		passed	\N	69
187	chrome.93_0_4577_63.darwin.GoodData website	should have a correct title	1.885	COMMAND: navigateTo - {"url":"https://gooddata.com/"}\nRESULT: undefined\nCOMMAND: findElement - {"using":"css selector","value":"title"}\nRESULT: undefined\nCOMMAND: getElementText - {"elementId":"ELEMENT-1"}\nRESULT: undefined		passed	\N	70
188	chrome.93_0_4577_63.darwin.GoodData website	should include Get a demo button	0.886	COMMAND: navigateTo - {"url":"https://gooddata.com/"}\nRESULT: undefined\nCOMMAND: findElement - {"using":"css selector","value":"#main-menu-request-a-demo"}\nRESULT: undefined\nCOMMAND: getElementText - {"elementId":"ELEMENT-2"}\nRESULT: undefined		passed	\N	70
189	chrome.93_0_4577_63.darwin.GoodData website	should include a webinar banner	11.833	COMMAND: navigateTo - {"url":"https://gooddata.com/"}\nRESULT: undefined\nCOMMAND: findElement - {"using":"css selector","value":".c-banner-promo__x"}\nRESULT: undefined\nCOMMAND: elementClick - {"elementId":"ELEMENT-3"}\nRESULT: undefined\nCOMMAND: findElement - {"using":"css selector","value":".c-banner-promo"}\nRESULT: undefined\nCOMMAND: findElements - {"using":"css selector","value":".c-banner-promo"}\nRESULT: undefined\nCOMMAND: findElements - {"using":"css selector","value":".c-banner-promo"}\nRESULT: undefined\nCOMMAND: findElements - {"using":"css selector","value":".c-banner-promo"}\nRESULT: undefined\nCOMMAND: findElements - {"using":"css selector","value":".c-banner-promo"}\nRESULT: undefined\nCOMMAND: findElements - {"using":"css selector","value":".c-banner-promo"}\nRESULT: undefined\nCOMMAND: findElements - {"using":"css selector","value":".c-banner-promo"}\nRESULT: undefined\nCOMMAND: findElements - {"using":"css selector","value":".c-banner-promo"}\nRESULT: undefined\nCOMMAND: findElements - {"using":"css selector","value":".c-banner-promo"}\nRESULT: undefined\nCOMMAND: findElements - {"using":"css selector","value":".c-banner-promo"}\nRESULT: undefined\nCOMMAND: findElements - {"using":"css selector","value":".c-banner-promo"}\nRESULT: undefined\nCOMMAND: findElements - {"using":"css selector","value":".c-banner-promo"}\nRESULT: undefined\nCOMMAND: findElements - {"using":"css selector","value":".c-banner-promo"}\nRESULT: undefined\nCOMMAND: findElements - {"using":"css selector","value":".c-banner-promo"}\nRESULT: undefined\nCOMMAND: findElements - {"using":"css selector","value":".c-banner-promo"}\nRESULT: undefined\nCOMMAND: findElements - {"using":"css selector","value":".c-banner-promo"}\nRESULT: undefined\nCOMMAND: findElements - {"using":"css selector","value":".c-banner-promo"}\nRESULT: undefined\nCOMMAND: findElements - {"using":"css selector","value":".c-banner-promo"}\nRESULT: undefined\nCOMMAND: findElements - {"using":"css selector","value":".c-banner-promo"}\nRESULT: undefined\nCOMMAND: findElements - {"using":"css selector","value":".c-banner-promo"}\nRESULT: undefined\nCOMMAND: findElements - {"using":"css selector","value":".c-banner-promo"}\nRESULT: undefined\nCOMMAND: deleteSession - {}\nRESULT: undefined	Error: Expect $(`.c-banner-promo`) to exist Expected: [32m"exist"[39m\nReceived: [31m"[7mnot [27mexist"[39m at Context.<anonymous> (/Users/andy/code/qa/packages/test-cases/test/specs/gooddata.e2e.js:24:44) at async Context.executeAsync (/Users/andy/code/qa/node_modules/@wdio/utils/build/shim.js:285:16) at async Context.testFrameworkFnWrapper (/Users/andy/code/qa/node_modules/@wdio/utils/build/test-framework/testFnWrapper.js:52:18)	failed	\nExpect $(`.c-banner-promo`) to exist\n\nExpected: "exist"\nReceived: "not exist"	70
190	chrome.93_0_4577_63.darwin.New test suite	should pass	0.001			passed	\N	71
191	chrome.93_0_4577_63.darwin.New test suite	should fail	0	COMMAND: deleteSession - {}\nRESULT: undefined		passed	\N	71
192	chrome.93_0_4577_63.darwin.Google website	should have a correct title	0.959	COMMAND: navigateTo - {"url":"https://www.google.com/"}\nRESULT: undefined\nCOMMAND: findElement - {"using":"css selector","value":"#L2AGLb"}\nRESULT: undefined\nCOMMAND: executeScript - {"script":"return (function isElementDisplayed(element) {\\n function nodeIsElement(node) {\\n if (!node) {\\n return false;\\n }\\n switch (node.nodeType) {\\n case Node.ELEMEN ... (7762 more bytes)","args":[{"element-6066-11e4-a52e-4f735466cecf":"ELEMENT-1","ELEMENT":"ELEMENT-1"}]}\nRESULT: undefined\nCOMMAND: executeScript - {"script":"return (function isElementClickable(elem) {\\n if (!elem.getBoundingClientRect || !elem.scrollIntoView || !elem.contains || !elem.getClientRects || !document.elementFromPoint) {\\n return false; ... (5149 more bytes)","args":[{"element-6066-11e4-a52e-4f735466cecf":"ELEMENT-1","ELEMENT":"ELEMENT-1"}]}\nRESULT: undefined\nCOMMAND: findElement - {"using":"css selector","value":"#L2AGLb"}\nRESULT: undefined\nCOMMAND: elementClick - {"elementId":"ELEMENT-2"}\nRESULT: undefined		passed	\N	72
193	chrome.93_0_4577_63.darwin.Google website	should have search field	0.24	COMMAND: findElement - {"using":"css selector","value":"title"}\nRESULT: undefined\nCOMMAND: navigateTo - {"url":"https://www.google.com/"}\nRESULT: undefined\nCOMMAND: findElement - {"using":"css selector","value":"#L2AGLb"}\nRESULT: undefined\nCOMMAND: findElement - {"using":"css selector","value":"#L2AGLb"}\nRESULT: undefined		passed	\N	72
220	chrome.93_0_4577_63.darwin.GoodData website	should include Get a demo button	0.872	COMMAND: navigateTo - {"url":"https://gooddata.com/"}\nRESULT: undefined\nCOMMAND: findElement - {"using":"css selector","value":"#main-menu-request-a-demo"}\nRESULT: undefined\nCOMMAND: getElementText - {"elementId":"ELEMENT-2"}\nRESULT: undefined		passed	\N	82
221	chrome.93_0_4577_63.darwin.GoodData website	should include a webinar banner	1.043	COMMAND: navigateTo - {"url":"https://gooddata.com/"}\nRESULT: undefined\nCOMMAND: findElement - {"using":"css selector","value":".c-banner-promo"}\nRESULT: undefined\nCOMMAND: findElements - {"using":"css selector","value":".c-banner-promo"}\nRESULT: undefined\nCOMMAND: deleteSession - {}\nRESULT: undefined		passed	\N	82
194	chrome.93_0_4577_63.darwin.Google website	should find GoodData website	2.27	COMMAND: findElement - {"using":"css selector","value":"form[role=search] input"}\nCOMMAND: navigateTo - {"url":"https://www.google.com/"}\nRESULT: undefined\nRESULT: undefined\nCOMMAND: findElement - {"using":"css selector","value":"#L2AGLb"}\nRESULT: undefined\nCOMMAND: findElement - {"using":"css selector","value":"#L2AGLb"}\nRESULT: undefined\nCOMMAND: findElement - {"using":"css selector","value":"form[role=search] input"}\nRESULT: undefined\nCOMMAND: elementClear - {"elementId":"ELEMENT-5"}\nRESULT: undefined\nCOMMAND: elementSendKeys - {"elementId":"ELEMENT-5","text":"GoodData"}\nRESULT: undefined\nCOMMAND: performActions - {"actions":[{"type":"key","id":"keyboard","actions":[{"type":"keyDown","value":"Enter"},{"type":"keyUp","value":"Enter"}]}]}\nRESULT: undefined\nCOMMAND: releaseActions - {}\nRESULT: undefined\nCOMMAND: findElements - {"using":"css selector","value":"form[role=search] input"}\nCOMMAND: getElementText - {"elementId":"ELEMENT-3"}\nCOMMAND: findElement - {"using":"css selector","value":"#rso"}\nCOMMAND: findElement - {"using":"css selector","value":"title"}\nRESULT: undefined\nCOMMAND: deleteSession - {}\nRESULT: undefined\nRESULT: undefined\nRESULT: undefined		passed	\N	72
195	chrome.93_0_4577_63.darwin.GoodData website	should have a correct title	1.885	COMMAND: navigateTo - {"url":"https://gooddata.com/"}\nRESULT: undefined\nCOMMAND: findElement - {"using":"css selector","value":"title"}\nRESULT: undefined\nCOMMAND: getElementText - {"elementId":"ELEMENT-1"}\nRESULT: undefined		passed	\N	73
196	chrome.93_0_4577_63.darwin.GoodData website	should include Get a demo button	0.886	COMMAND: navigateTo - {"url":"https://gooddata.com/"}\nRESULT: undefined\nCOMMAND: findElement - {"using":"css selector","value":"#main-menu-request-a-demo"}\nRESULT: undefined\nCOMMAND: getElementText - {"elementId":"ELEMENT-2"}\nRESULT: undefined		passed	\N	73
197	chrome.93_0_4577_63.darwin.GoodData website	should include a webinar banner	11.833	COMMAND: navigateTo - {"url":"https://gooddata.com/"}\nRESULT: undefined\nCOMMAND: findElement - {"using":"css selector","value":".c-banner-promo__x"}\nRESULT: undefined\nCOMMAND: elementClick - {"elementId":"ELEMENT-3"}\nRESULT: undefined\nCOMMAND: findElement - {"using":"css selector","value":".c-banner-promo"}\nRESULT: undefined\nCOMMAND: findElements - {"using":"css selector","value":".c-banner-promo"}\nRESULT: undefined\nCOMMAND: findElements - {"using":"css selector","value":".c-banner-promo"}\nRESULT: undefined\nCOMMAND: findElements - {"using":"css selector","value":".c-banner-promo"}\nRESULT: undefined\nCOMMAND: findElements - {"using":"css selector","value":".c-banner-promo"}\nRESULT: undefined\nCOMMAND: findElements - {"using":"css selector","value":".c-banner-promo"}\nRESULT: undefined\nCOMMAND: findElements - {"using":"css selector","value":".c-banner-promo"}\nRESULT: undefined\nCOMMAND: findElements - {"using":"css selector","value":".c-banner-promo"}\nRESULT: undefined\nCOMMAND: findElements - {"using":"css selector","value":".c-banner-promo"}\nRESULT: undefined\nCOMMAND: findElements - {"using":"css selector","value":".c-banner-promo"}\nRESULT: undefined\nCOMMAND: findElements - {"using":"css selector","value":".c-banner-promo"}\nRESULT: undefined\nCOMMAND: findElements - {"using":"css selector","value":".c-banner-promo"}\nRESULT: undefined\nCOMMAND: findElements - {"using":"css selector","value":".c-banner-promo"}\nRESULT: undefined\nCOMMAND: findElements - {"using":"css selector","value":".c-banner-promo"}\nRESULT: undefined\nCOMMAND: findElements - {"using":"css selector","value":".c-banner-promo"}\nRESULT: undefined\nCOMMAND: findElements - {"using":"css selector","value":".c-banner-promo"}\nRESULT: undefined\nCOMMAND: findElements - {"using":"css selector","value":".c-banner-promo"}\nRESULT: undefined\nCOMMAND: findElements - {"using":"css selector","value":".c-banner-promo"}\nRESULT: undefined\nCOMMAND: findElements - {"using":"css selector","value":".c-banner-promo"}\nRESULT: undefined\nCOMMAND: findElements - {"using":"css selector","value":".c-banner-promo"}\nRESULT: undefined\nCOMMAND: findElements - {"using":"css selector","value":".c-banner-promo"}\nRESULT: undefined\nCOMMAND: deleteSession - {}\nRESULT: undefined	Error: Expect $(`.c-banner-promo`) to exist Expected: [32m"exist"[39m\nReceived: [31m"[7mnot [27mexist"[39m at Context.<anonymous> (/Users/andy/code/qa/packages/test-cases/test/specs/gooddata.e2e.js:24:44) at async Context.executeAsync (/Users/andy/code/qa/node_modules/@wdio/utils/build/shim.js:285:16) at async Context.testFrameworkFnWrapper (/Users/andy/code/qa/node_modules/@wdio/utils/build/test-framework/testFnWrapper.js:52:18)	failed	\nExpect $(`.c-banner-promo`) to exist\n\nExpected: "exist"\nReceived: "not exist"	73
198	chrome.93_0_4577_63.darwin.New test suite	should pass	0.001			passed	\N	74
199	chrome.93_0_4577_63.darwin.New test suite	should fail	0	COMMAND: deleteSession - {}\nRESULT: undefined		passed	\N	74
200	chrome.93_0_4577_63.darwin.Google website	should have a correct title	0.959	COMMAND: navigateTo - {"url":"https://www.google.com/"}\nRESULT: undefined\nCOMMAND: findElement - {"using":"css selector","value":"#L2AGLb"}\nRESULT: undefined\nCOMMAND: executeScript - {"script":"return (function isElementDisplayed(element) {\\n function nodeIsElement(node) {\\n if (!node) {\\n return false;\\n }\\n switch (node.nodeType) {\\n case Node.ELEMEN ... (7762 more bytes)","args":[{"element-6066-11e4-a52e-4f735466cecf":"ELEMENT-1","ELEMENT":"ELEMENT-1"}]}\nRESULT: undefined\nCOMMAND: executeScript - {"script":"return (function isElementClickable(elem) {\\n if (!elem.getBoundingClientRect || !elem.scrollIntoView || !elem.contains || !elem.getClientRects || !document.elementFromPoint) {\\n return false; ... (5149 more bytes)","args":[{"element-6066-11e4-a52e-4f735466cecf":"ELEMENT-1","ELEMENT":"ELEMENT-1"}]}\nRESULT: undefined\nCOMMAND: findElement - {"using":"css selector","value":"#L2AGLb"}\nRESULT: undefined\nCOMMAND: elementClick - {"elementId":"ELEMENT-2"}\nRESULT: undefined		passed	\N	75
201	chrome.93_0_4577_63.darwin.Google website	should have search field	0.24	COMMAND: findElement - {"using":"css selector","value":"title"}\nRESULT: undefined\nCOMMAND: navigateTo - {"url":"https://www.google.com/"}\nRESULT: undefined\nCOMMAND: findElement - {"using":"css selector","value":"#L2AGLb"}\nRESULT: undefined\nCOMMAND: findElement - {"using":"css selector","value":"#L2AGLb"}\nRESULT: undefined		passed	\N	75
202	chrome.93_0_4577_63.darwin.Google website	should find GoodData website	2.27	COMMAND: findElement - {"using":"css selector","value":"form[role=search] input"}\nCOMMAND: navigateTo - {"url":"https://www.google.com/"}\nRESULT: undefined\nRESULT: undefined\nCOMMAND: findElement - {"using":"css selector","value":"#L2AGLb"}\nRESULT: undefined\nCOMMAND: findElement - {"using":"css selector","value":"#L2AGLb"}\nRESULT: undefined\nCOMMAND: findElement - {"using":"css selector","value":"form[role=search] input"}\nRESULT: undefined\nCOMMAND: elementClear - {"elementId":"ELEMENT-5"}\nRESULT: undefined\nCOMMAND: elementSendKeys - {"elementId":"ELEMENT-5","text":"GoodData"}\nRESULT: undefined\nCOMMAND: performActions - {"actions":[{"type":"key","id":"keyboard","actions":[{"type":"keyDown","value":"Enter"},{"type":"keyUp","value":"Enter"}]}]}\nRESULT: undefined\nCOMMAND: releaseActions - {}\nRESULT: undefined\nCOMMAND: findElements - {"using":"css selector","value":"form[role=search] input"}\nCOMMAND: getElementText - {"elementId":"ELEMENT-3"}\nCOMMAND: findElement - {"using":"css selector","value":"#rso"}\nCOMMAND: findElement - {"using":"css selector","value":"title"}\nRESULT: undefined\nCOMMAND: deleteSession - {}\nRESULT: undefined\nRESULT: undefined\nRESULT: undefined		passed	\N	75
203	chrome.93_0_4577_63.darwin.Google website	should have a correct title	0.69	COMMAND: navigateTo - {"url":"https://www.google.com/"}\nRESULT: undefined\nCOMMAND: findElement - {"using":"css selector","value":"#L2AGLb"}\nRESULT: undefined\nCOMMAND: executeScript - {"script":"return (function isElementDisplayed(element) {\\n function nodeIsElement(node) {\\n if (!node) {\\n return false;\\n }\\n switch (node.nodeType) {\\n case Node.ELEMEN ... (7762 more bytes)","args":[{"element-6066-11e4-a52e-4f735466cecf":"ELEMENT-1","ELEMENT":"ELEMENT-1"}]}\nRESULT: undefined\nCOMMAND: executeScript - {"script":"return (function isElementClickable(elem) {\\n if (!elem.getBoundingClientRect || !elem.scrollIntoView || !elem.contains || !elem.getClientRects || !document.elementFromPoint) {\\n return false; ... (5149 more bytes)","args":[{"element-6066-11e4-a52e-4f735466cecf":"ELEMENT-1","ELEMENT":"ELEMENT-1"}]}\nRESULT: undefined\nCOMMAND: findElement - {"using":"css selector","value":"#L2AGLb"}\nRESULT: undefined\nCOMMAND: elementClick - {"elementId":"ELEMENT-2"}\nRESULT: undefined		passed	\N	76
204	chrome.93_0_4577_63.darwin.Google website	should have search field	0.234	COMMAND: findElement - {"using":"css selector","value":"title"}\nRESULT: undefined\nCOMMAND: navigateTo - {"url":"https://www.google.com/"}\nCOMMAND: getElementText - {"elementId":"ELEMENT-3"}\nRESULT: undefined\nCOMMAND: getElementText - {"elementId":"ELEMENT-3"}\nCOMMAND: findElement - {"using":"css selector","value":"#L2AGLb"}\nRESULT: undefined\nCOMMAND: findElement - {"using":"css selector","value":"title"}\nRESULT: undefined\nCOMMAND: findElement - {"using":"css selector","value":"#L2AGLb"}\nRESULT: undefined\nCOMMAND: getElementText - {"elementId":"ELEMENT-3"}		passed	\N	76
205	chrome.93_0_4577_63.darwin.Google website	should find GoodData website	2.124	COMMAND: findElement - {"using":"css selector","value":"form[role=search] input"}\nCOMMAND: findElement - {"using":"css selector","value":"title"}\nRESULT: undefined\nCOMMAND: navigateTo - {"url":"https://www.google.com/"}\nRESULT: undefined\nCOMMAND: findElements - {"using":"css selector","value":"form[role=search] input"}\nRESULT: undefined\nCOMMAND: findElements - {"using":"css selector","value":"form[role=search] input"}\nCOMMAND: findElement - {"using":"css selector","value":"#L2AGLb"}\nRESULT: undefined\nRESULT: undefined\nCOMMAND: findElement - {"using":"css selector","value":"#L2AGLb"}\nRESULT: undefined\nCOMMAND: findElement - {"using":"css selector","value":"form[role=search] input"}\nRESULT: undefined\nCOMMAND: elementClear - {"elementId":"ELEMENT-15"}\nRESULT: undefined\nCOMMAND: elementSendKeys - {"elementId":"ELEMENT-15","text":"GoodData"}\nCOMMAND: getElementText - {"elementId":"ELEMENT-6"}\nCOMMAND: findElement - {"using":"css selector","value":"title"}\nRESULT: undefined\nCOMMAND: getElementText - {"elementId":"ELEMENT-6"}\nRESULT: undefined\nCOMMAND: performActions - {"actions":[{"type":"key","id":"keyboard","actions":[{"type":"keyDown","value":"Enter"},{"type":"keyUp","value":"Enter"}]}]}\nRESULT: undefined\nCOMMAND: releaseActions - {}\nRESULT: undefined\nCOMMAND: getElementText - {"elementId":"ELEMENT-16"}\nCOMMAND: findElement - {"using":"css selector","value":"#rso"}\nCOMMAND: findElement - {"using":"css selector","value":"title"}\nCOMMAND: deleteSession - {}\nRESULT: undefined		passed	\N	76
206	chrome.93_0_4577_63.darwin.New test suite	should pass	0.001			passed	\N	77
207	chrome.93_0_4577_63.darwin.New test suite	should fail	0.001	COMMAND: deleteSession - {}\nRESULT: undefined		passed	\N	77
208	chrome.93_0_4577_63.darwin.GoodData website	should have a correct title	1.856	COMMAND: navigateTo - {"url":"https://gooddata.com/"}\nRESULT: undefined\nCOMMAND: findElement - {"using":"css selector","value":"title"}\nRESULT: undefined\nCOMMAND: getElementText - {"elementId":"ELEMENT-1"}\nRESULT: undefined		passed	\N	78
209	chrome.93_0_4577_63.darwin.GoodData website	should include Get a demo button	0.872	COMMAND: navigateTo - {"url":"https://gooddata.com/"}\nRESULT: undefined\nCOMMAND: findElement - {"using":"css selector","value":"#main-menu-request-a-demo"}\nRESULT: undefined\nCOMMAND: getElementText - {"elementId":"ELEMENT-2"}\nRESULT: undefined		passed	\N	78
210	chrome.93_0_4577_63.darwin.GoodData website	should include a webinar banner	1.043	COMMAND: navigateTo - {"url":"https://gooddata.com/"}\nRESULT: undefined\nCOMMAND: findElement - {"using":"css selector","value":".c-banner-promo"}\nRESULT: undefined\nCOMMAND: findElements - {"using":"css selector","value":".c-banner-promo"}\nRESULT: undefined\nCOMMAND: deleteSession - {}\nRESULT: undefined		passed	\N	78
211	chrome.93_0_4577_63.darwin.GoodData website	should have a correct title	1.856	COMMAND: navigateTo - {"url":"https://gooddata.com/"}\nRESULT: undefined\nCOMMAND: findElement - {"using":"css selector","value":"title"}\nRESULT: undefined\nCOMMAND: getElementText - {"elementId":"ELEMENT-1"}\nRESULT: undefined		passed	\N	79
212	chrome.93_0_4577_63.darwin.GoodData website	should include Get a demo button	0.872	COMMAND: navigateTo - {"url":"https://gooddata.com/"}\nRESULT: undefined\nCOMMAND: findElement - {"using":"css selector","value":"#main-menu-request-a-demo"}\nRESULT: undefined\nCOMMAND: getElementText - {"elementId":"ELEMENT-2"}\nRESULT: undefined		passed	\N	79
213	chrome.93_0_4577_63.darwin.GoodData website	should include a webinar banner	1.043	COMMAND: navigateTo - {"url":"https://gooddata.com/"}\nRESULT: undefined\nCOMMAND: findElement - {"using":"css selector","value":".c-banner-promo"}\nRESULT: undefined\nCOMMAND: findElements - {"using":"css selector","value":".c-banner-promo"}\nRESULT: undefined\nCOMMAND: deleteSession - {}\nRESULT: undefined		passed	\N	79
214	chrome.93_0_4577_63.darwin.New test suite	should pass	0.001			passed	\N	80
215	chrome.93_0_4577_63.darwin.New test suite	should fail	0.001	COMMAND: deleteSession - {}\nRESULT: undefined		passed	\N	80
216	chrome.93_0_4577_63.darwin.Google website	should have a correct title	0.69	COMMAND: navigateTo - {"url":"https://www.google.com/"}\nRESULT: undefined\nCOMMAND: findElement - {"using":"css selector","value":"#L2AGLb"}\nRESULT: undefined\nCOMMAND: executeScript - {"script":"return (function isElementDisplayed(element) {\\n function nodeIsElement(node) {\\n if (!node) {\\n return false;\\n }\\n switch (node.nodeType) {\\n case Node.ELEMEN ... (7762 more bytes)","args":[{"element-6066-11e4-a52e-4f735466cecf":"ELEMENT-1","ELEMENT":"ELEMENT-1"}]}\nRESULT: undefined\nCOMMAND: executeScript - {"script":"return (function isElementClickable(elem) {\\n if (!elem.getBoundingClientRect || !elem.scrollIntoView || !elem.contains || !elem.getClientRects || !document.elementFromPoint) {\\n return false; ... (5149 more bytes)","args":[{"element-6066-11e4-a52e-4f735466cecf":"ELEMENT-1","ELEMENT":"ELEMENT-1"}]}\nRESULT: undefined\nCOMMAND: findElement - {"using":"css selector","value":"#L2AGLb"}\nRESULT: undefined\nCOMMAND: elementClick - {"elementId":"ELEMENT-2"}\nRESULT: undefined		passed	\N	81
217	chrome.93_0_4577_63.darwin.Google website	should have search field	0.234	COMMAND: findElement - {"using":"css selector","value":"title"}\nRESULT: undefined\nCOMMAND: navigateTo - {"url":"https://www.google.com/"}\nCOMMAND: getElementText - {"elementId":"ELEMENT-3"}\nRESULT: undefined\nCOMMAND: getElementText - {"elementId":"ELEMENT-3"}\nCOMMAND: findElement - {"using":"css selector","value":"#L2AGLb"}\nRESULT: undefined\nCOMMAND: findElement - {"using":"css selector","value":"title"}\nRESULT: undefined\nCOMMAND: findElement - {"using":"css selector","value":"#L2AGLb"}\nRESULT: undefined\nCOMMAND: getElementText - {"elementId":"ELEMENT-3"}		passed	\N	81
218	chrome.93_0_4577_63.darwin.Google website	should find GoodData website	2.124	COMMAND: findElement - {"using":"css selector","value":"form[role=search] input"}\nCOMMAND: findElement - {"using":"css selector","value":"title"}\nRESULT: undefined\nCOMMAND: navigateTo - {"url":"https://www.google.com/"}\nRESULT: undefined\nCOMMAND: findElements - {"using":"css selector","value":"form[role=search] input"}\nRESULT: undefined\nCOMMAND: findElements - {"using":"css selector","value":"form[role=search] input"}\nCOMMAND: findElement - {"using":"css selector","value":"#L2AGLb"}\nRESULT: undefined\nRESULT: undefined\nCOMMAND: findElement - {"using":"css selector","value":"#L2AGLb"}\nRESULT: undefined\nCOMMAND: findElement - {"using":"css selector","value":"form[role=search] input"}\nRESULT: undefined\nCOMMAND: elementClear - {"elementId":"ELEMENT-15"}\nRESULT: undefined\nCOMMAND: elementSendKeys - {"elementId":"ELEMENT-15","text":"GoodData"}\nCOMMAND: getElementText - {"elementId":"ELEMENT-6"}\nCOMMAND: findElement - {"using":"css selector","value":"title"}\nRESULT: undefined\nCOMMAND: getElementText - {"elementId":"ELEMENT-6"}\nRESULT: undefined\nCOMMAND: performActions - {"actions":[{"type":"key","id":"keyboard","actions":[{"type":"keyDown","value":"Enter"},{"type":"keyUp","value":"Enter"}]}]}\nRESULT: undefined\nCOMMAND: releaseActions - {}\nRESULT: undefined\nCOMMAND: getElementText - {"elementId":"ELEMENT-16"}\nCOMMAND: findElement - {"using":"css selector","value":"#rso"}\nCOMMAND: findElement - {"using":"css selector","value":"title"}\nCOMMAND: deleteSession - {}\nRESULT: undefined		passed	\N	81
222	chrome.93_0_4577_63.darwin.Google website	should have a correct title	0.69	COMMAND: navigateTo - {"url":"https://www.google.com/"}\nRESULT: undefined\nCOMMAND: findElement - {"using":"css selector","value":"#L2AGLb"}\nRESULT: undefined\nCOMMAND: executeScript - {"script":"return (function isElementDisplayed(element) {\\n function nodeIsElement(node) {\\n if (!node) {\\n return false;\\n }\\n switch (node.nodeType) {\\n case Node.ELEMEN ... (7762 more bytes)","args":[{"element-6066-11e4-a52e-4f735466cecf":"ELEMENT-1","ELEMENT":"ELEMENT-1"}]}\nRESULT: undefined\nCOMMAND: executeScript - {"script":"return (function isElementClickable(elem) {\\n if (!elem.getBoundingClientRect || !elem.scrollIntoView || !elem.contains || !elem.getClientRects || !document.elementFromPoint) {\\n return false; ... (5149 more bytes)","args":[{"element-6066-11e4-a52e-4f735466cecf":"ELEMENT-1","ELEMENT":"ELEMENT-1"}]}\nRESULT: undefined\nCOMMAND: findElement - {"using":"css selector","value":"#L2AGLb"}\nRESULT: undefined\nCOMMAND: elementClick - {"elementId":"ELEMENT-2"}\nRESULT: undefined		passed	\N	83
223	chrome.93_0_4577_63.darwin.Google website	should have search field	0.234	COMMAND: findElement - {"using":"css selector","value":"title"}\nRESULT: undefined\nCOMMAND: navigateTo - {"url":"https://www.google.com/"}\nCOMMAND: getElementText - {"elementId":"ELEMENT-3"}\nRESULT: undefined\nCOMMAND: getElementText - {"elementId":"ELEMENT-3"}\nCOMMAND: findElement - {"using":"css selector","value":"#L2AGLb"}\nRESULT: undefined\nCOMMAND: findElement - {"using":"css selector","value":"title"}\nRESULT: undefined\nCOMMAND: findElement - {"using":"css selector","value":"#L2AGLb"}\nRESULT: undefined\nCOMMAND: getElementText - {"elementId":"ELEMENT-3"}		passed	\N	83
224	chrome.93_0_4577_63.darwin.Google website	should find GoodData website	2.124	COMMAND: findElement - {"using":"css selector","value":"form[role=search] input"}\nCOMMAND: findElement - {"using":"css selector","value":"title"}\nRESULT: undefined\nCOMMAND: navigateTo - {"url":"https://www.google.com/"}\nRESULT: undefined\nCOMMAND: findElements - {"using":"css selector","value":"form[role=search] input"}\nRESULT: undefined\nCOMMAND: findElements - {"using":"css selector","value":"form[role=search] input"}\nCOMMAND: findElement - {"using":"css selector","value":"#L2AGLb"}\nRESULT: undefined\nRESULT: undefined\nCOMMAND: findElement - {"using":"css selector","value":"#L2AGLb"}\nRESULT: undefined\nCOMMAND: findElement - {"using":"css selector","value":"form[role=search] input"}\nRESULT: undefined\nCOMMAND: elementClear - {"elementId":"ELEMENT-15"}\nRESULT: undefined\nCOMMAND: elementSendKeys - {"elementId":"ELEMENT-15","text":"GoodData"}\nCOMMAND: getElementText - {"elementId":"ELEMENT-6"}\nCOMMAND: findElement - {"using":"css selector","value":"title"}\nRESULT: undefined\nCOMMAND: getElementText - {"elementId":"ELEMENT-6"}\nRESULT: undefined\nCOMMAND: performActions - {"actions":[{"type":"key","id":"keyboard","actions":[{"type":"keyDown","value":"Enter"},{"type":"keyUp","value":"Enter"}]}]}\nRESULT: undefined\nCOMMAND: releaseActions - {}\nRESULT: undefined\nCOMMAND: getElementText - {"elementId":"ELEMENT-16"}\nCOMMAND: findElement - {"using":"css selector","value":"#rso"}\nCOMMAND: findElement - {"using":"css selector","value":"title"}\nCOMMAND: deleteSession - {}\nRESULT: undefined		passed	\N	83
225	chrome.93_0_4577_63.darwin.New test suite	should pass	0.001			passed	\N	84
226	chrome.93_0_4577_63.darwin.New test suite	should fail	0.001	COMMAND: deleteSession - {}\nRESULT: undefined		passed	\N	84
\.


--
-- Name: execution_id_seq; Type: SEQUENCE SET; Schema: public; Owner: postgres
--

SELECT pg_catalog.setval('public.execution_id_seq', 34, true);


--
-- Name: report_id_seq; Type: SEQUENCE SET; Schema: public; Owner: postgres
--

SELECT pg_catalog.setval('public.report_id_seq', 84, true);


--
-- Name: test_case_run_id_seq; Type: SEQUENCE SET; Schema: public; Owner: postgres
--

SELECT pg_catalog.setval('public.test_case_run_id_seq', 226, true);


--
-- PostgreSQL database dump complete
--

